timestamp,user,ip,query,label
2025-08-20 11:29:46,teacher,192.168.1.5,UPDATE courses SET seats = seats - 1 WHERE course_id=337;,0
2025-08-20 11:29:47,admin,192.168.1.5,"SELECT name, grade FROM grades WHERE student_id=56;",0
2025-08-20 11:29:48,teacher,192.168.1.5,SELECT * FROM secret_data;,1
2025-08-20 11:29:49,student,192.168.1.5,UPDATE courses SET seats = seats - 1 WHERE course_id=290;,0
2025-08-20 11:29:50,admin,10.0.0.25,"SELECT name, grade FROM grades WHERE student_id=17;",0
2025-08-20 11:29:51,teacher,192.168.1.5,SELECT * FROM users WHERE username='admin' OR '1'='1';,1
2025-08-20 11:29:52,teacher,192.168.1.10,UPDATE courses SET seats = seats - 1 WHERE course_id=346;,0
2025-08-20 11:29:53,teacher,10.0.0.25,UPDATE users SET password='hacked' WHERE username='admin';,1
2025-08-20 11:29:54,admin,192.168.1.10,"SELECT name, grade FROM grades WHERE student_id=342;",0
2025-08-20 11:29:55,student,192.168.1.5,DROP TABLE students;,1
2025-08-20 11:29:56,admin,192.168.1.5,"SELECT name, grade FROM grades WHERE student_id=55;",0
2025-08-20 11:29:57,student,10.0.0.25,DELETE FROM temp_data WHERE record_id=417;,0
2025-08-20 11:29:58,teacher,10.0.0.25,DELETE FROM temp_data WHERE record_id=370;,0
2025-08-20 11:29:59,admin,192.168.1.5,"INSERT INTO grades (student_id, course, grade) VALUES (395, 'CS101', 'A');",0
2025-08-20 11:30:00,admin,10.0.0.25,SELECT * FROM students WHERE id=416;,0
2025-08-20 11:30:01,teacher,192.168.1.10,SELECT * FROM users WHERE username='admin' OR '1'='1';,1
2025-08-20 11:30:02,admin,192.168.1.5,DROP TABLE students;,1
2025-08-20 11:30:03,teacher,192.168.1.5,"SELECT name, grade FROM grades WHERE student_id=443;",0
2025-08-20 11:30:04,teacher,10.0.0.25,DELETE FROM temp_data WHERE record_id=43;,0
2025-08-20 11:30:05,admin,192.168.1.10,DELETE FROM temp_data WHERE record_id=127;,0
2025-08-20 11:30:06,student,192.168.1.10,UPDATE users SET password='hacked' WHERE username='admin';,1
2025-08-20 11:30:07,teacher,10.0.0.25,DELETE FROM temp_data WHERE record_id=7;,0
2025-08-20 11:30:08,admin,192.168.1.10,"SELECT name, grade FROM grades WHERE student_id=473;",0
2025-08-20 11:30:09,teacher,10.0.0.25,"INSERT INTO grades (student_id, course, grade) VALUES (320, 'CS101', 'A');",0
2025-08-20 11:30:10,student,10.0.0.25,"SELECT name, grade FROM grades WHERE student_id=216;",0
2025-08-20 11:30:11,student,192.168.1.10,"INSERT INTO grades (student_id, course, grade) VALUES (252, 'CS101', 'A');",0
2025-08-20 11:30:12,student,10.0.0.25,"INSERT INTO grades (student_id, course, grade) VALUES (104, 'CS101', 'A');",0
2025-08-20 11:30:13,teacher,10.0.0.25,"INSERT INTO grades (student_id, course, grade) VALUES (359, 'CS101', 'A');",0
2025-08-20 11:30:14,student,10.0.0.25,"INSERT INTO grades (student_id, course, grade) VALUES (307, 'CS101', 'A');",0
2025-08-20 11:30:15,student,10.0.0.25,SELECT * FROM secret_data;,1
2025-08-20 11:30:16,teacher,10.0.0.25,UPDATE courses SET seats = seats - 1 WHERE course_id=55;,0
2025-08-20 11:30:17,student,192.168.1.5,DROP TABLE students;,1
2025-08-20 11:30:18,student,192.168.1.5,SELECT * FROM users WHERE username='admin' OR '1'='1';,1
2025-08-20 11:30:19,student,192.168.1.10,SELECT * FROM students WHERE id=47;,0
2025-08-20 11:30:20,admin,192.168.1.5,"SELECT name, grade FROM grades WHERE student_id=171;",0
2025-08-20 11:30:21,teacher,192.168.1.5,SELECT * FROM students WHERE id=417;,0
2025-08-20 11:30:22,teacher,10.0.0.25,SELECT * FROM users WHERE username='admin' OR '1'='1';,1
2025-08-20 11:30:23,student,192.168.1.5,SELECT * FROM students WHERE id=426;,0
2025-08-20 11:30:24,student,192.168.1.5,UPDATE courses SET seats = seats - 1 WHERE course_id=41;,0
2025-08-20 11:30:25,student,10.0.0.25,DELETE FROM temp_data WHERE record_id=259;,0
2025-08-20 11:30:26,admin,192.168.1.10,UPDATE courses SET seats = seats - 1 WHERE course_id=233;,0
2025-08-20 11:30:27,admin,192.168.1.5,SELECT * FROM students WHERE id=332;,0
2025-08-20 11:30:28,teacher,192.168.1.10,"INSERT INTO grades (student_id, course, grade) VALUES (99, 'CS101', 'A');",0
2025-08-20 11:30:29,admin,192.168.1.10,SELECT * FROM users WHERE username='admin' OR '1'='1';,1
2025-08-20 11:30:30,admin,192.168.1.10,SELECT * FROM students WHERE id=46;,0
2025-08-20 11:30:31,student,192.168.1.5,UPDATE users SET password='hacked' WHERE username='admin';,1
2025-08-20 11:30:32,student,192.168.1.10,DROP TABLE students;,1
2025-08-20 11:30:33,teacher,192.168.1.10,SELECT * FROM students WHERE id=489;,0
2025-08-20 11:30:34,student,10.0.0.25,SELECT * FROM students WHERE id=119;,0
2025-08-20 11:30:35,admin,10.0.0.25,"INSERT INTO grades (student_id, course, grade) VALUES (231, 'CS101', 'A');",0
2025-08-20 11:30:36,student,192.168.1.10,UPDATE courses SET seats = seats - 1 WHERE course_id=178;,0
2025-08-20 11:30:37,admin,192.168.1.10,"INSERT INTO grades (student_id, course, grade) VALUES (31, 'CS101', 'A');",0
2025-08-20 11:30:38,teacher,192.168.1.10,SELECT * FROM students WHERE id=85;,0
2025-08-20 11:30:39,student,192.168.1.5,"INSERT INTO grades (student_id, course, grade) VALUES (157, 'CS101', 'A');",0
2025-08-20 11:30:40,student,10.0.0.25,"INSERT INTO grades (student_id, course, grade) VALUES (310, 'CS101', 'A');",0
2025-08-20 11:30:41,teacher,192.168.1.10,SELECT * FROM students WHERE id=237;,0
2025-08-20 11:30:42,student,10.0.0.25,"INSERT INTO grades (student_id, course, grade) VALUES (253, 'CS101', 'A');",0
2025-08-20 11:30:43,admin,192.168.1.10,"SELECT name, grade FROM grades WHERE student_id=323;",0
2025-08-20 11:30:44,student,10.0.0.25,DELETE FROM temp_data WHERE record_id=469;,0
2025-08-20 11:30:45,student,10.0.0.25,SELECT * FROM users WHERE username='admin' OR '1'='1';,1
2025-08-20 11:30:46,student,10.0.0.25,"INSERT INTO grades (student_id, course, grade) VALUES (362, 'CS101', 'A');",0
2025-08-20 11:30:47,admin,192.168.1.10,SELECT * FROM students WHERE id=498;,0
2025-08-20 11:30:48,teacher,192.168.1.10,"INSERT INTO grades (student_id, course, grade) VALUES (279, 'CS101', 'A');",0
2025-08-20 11:30:49,teacher,192.168.1.5,DELETE FROM temp_data WHERE record_id=375;,0
2025-08-20 11:30:50,admin,192.168.1.5,UPDATE courses SET seats = seats - 1 WHERE course_id=415;,0
2025-08-20 11:30:51,student,192.168.1.5,"INSERT INTO grades (student_id, course, grade) VALUES (134, 'CS101', 'A');",0
2025-08-20 11:30:52,teacher,10.0.0.25,"SELECT name, grade FROM grades WHERE student_id=256;",0
2025-08-20 11:30:53,student,192.168.1.10,UPDATE courses SET seats = seats - 1 WHERE course_id=61;,0
2025-08-20 11:30:54,teacher,192.168.1.5,UPDATE courses SET seats = seats - 1 WHERE course_id=196;,0
2025-08-20 11:30:55,teacher,10.0.0.25,DELETE FROM temp_data WHERE record_id=259;,0
2025-08-20 11:30:56,teacher,192.168.1.10,"INSERT INTO grades (student_id, course, grade) VALUES (48, 'CS101', 'A');",0
2025-08-20 11:30:57,student,192.168.1.5,"SELECT name, grade FROM grades WHERE student_id=216;",0
2025-08-20 11:30:58,admin,192.168.1.10,UPDATE courses SET seats = seats - 1 WHERE course_id=103;,0
2025-08-20 11:30:59,student,192.168.1.5,"INSERT INTO grades (student_id, course, grade) VALUES (339, 'CS101', 'A');",0
2025-08-20 11:31:00,teacher,192.168.1.5,UPDATE users SET password='hacked' WHERE username='admin';,1
2025-08-20 11:31:01,teacher,192.168.1.10,SELECT * FROM students WHERE id=223;,0
2025-08-20 11:31:02,teacher,192.168.1.5,UPDATE courses SET seats = seats - 1 WHERE course_id=485;,0
2025-08-20 11:31:03,admin,10.0.0.25,UPDATE courses SET seats = seats - 1 WHERE course_id=289;,0
2025-08-20 11:31:04,admin,192.168.1.5,SELECT * FROM students WHERE id=452;,0
2025-08-20 11:31:05,teacher,192.168.1.10,UPDATE courses SET seats = seats - 1 WHERE course_id=486;,0
2025-08-20 11:31:06,student,10.0.0.25,SELECT * FROM secret_data;,1
2025-08-20 11:31:07,student,192.168.1.5,"SELECT name, grade FROM grades WHERE student_id=431;",0
2025-08-20 11:31:08,student,192.168.1.5,SELECT * FROM students WHERE id=218;,0
2025-08-20 11:31:09,teacher,10.0.0.25,"SELECT * FROM students UNION SELECT card_number, ssn FROM payments;",1
2025-08-20 11:31:10,student,10.0.0.25,"SELECT name, grade FROM grades WHERE student_id=442;",0
2025-08-20 11:31:11,teacher,10.0.0.25,UPDATE courses SET seats = seats - 1 WHERE course_id=368;,0
2025-08-20 11:31:12,admin,192.168.1.5,SELECT * FROM students WHERE id=231;,0
2025-08-20 11:31:13,student,10.0.0.25,DROP TABLE students;,1
2025-08-20 11:31:14,admin,192.168.1.10,DELETE FROM temp_data WHERE record_id=42;,0
2025-08-20 11:31:15,student,192.168.1.10,UPDATE courses SET seats = seats - 1 WHERE course_id=278;,0
2025-08-20 11:31:16,admin,192.168.1.5,UPDATE courses SET seats = seats - 1 WHERE course_id=357;,0
2025-08-20 11:31:17,student,10.0.0.25,SELECT * FROM secret_data;,1
2025-08-20 11:31:18,teacher,192.168.1.10,SELECT * FROM students WHERE id=476;,0
2025-08-20 11:31:19,admin,10.0.0.25,SELECT * FROM students WHERE id=414;,0
2025-08-20 11:31:20,admin,10.0.0.25,UPDATE courses SET seats = seats - 1 WHERE course_id=190;,0
2025-08-20 11:31:21,student,192.168.1.5,"SELECT name, grade FROM grades WHERE student_id=155;",0
2025-08-20 11:31:22,admin,192.168.1.5,UPDATE users SET password='hacked' WHERE username='admin';,1
2025-08-20 11:31:23,teacher,10.0.0.25,UPDATE courses SET seats = seats - 1 WHERE course_id=449;,0
2025-08-20 11:31:24,teacher,192.168.1.5,SELECT * FROM students WHERE id=230;,0
2025-08-20 11:31:25,student,10.0.0.25,"SELECT * FROM students UNION SELECT card_number, ssn FROM payments;",1
2025-08-20 11:31:26,teacher,192.168.1.5,"INSERT INTO grades (student_id, course, grade) VALUES (452, 'CS101', 'A');",0
2025-08-20 11:31:27,admin,192.168.1.5,SELECT * FROM students WHERE id=368;,0
2025-08-20 11:31:28,student,10.0.0.25,SELECT * FROM students WHERE id=390;,0
2025-08-20 11:31:29,teacher,10.0.0.25,DROP TABLE students;,1
2025-08-20 11:31:30,teacher,192.168.1.10,"INSERT INTO grades (student_id, course, grade) VALUES (404, 'CS101', 'A');",0
2025-08-20 11:31:31,teacher,192.168.1.10,"INSERT INTO grades (student_id, course, grade) VALUES (103, 'CS101', 'A');",0
2025-08-20 11:31:32,admin,10.0.0.25,DELETE FROM temp_data WHERE record_id=245;,0
2025-08-20 11:31:33,admin,10.0.0.25,"INSERT INTO grades (student_id, course, grade) VALUES (249, 'CS101', 'A');",0
2025-08-20 11:31:34,teacher,192.168.1.10,DELETE FROM temp_data WHERE record_id=457;,0
2025-08-20 11:31:35,admin,192.168.1.10,SELECT * FROM students WHERE id=389;,0
2025-08-20 11:31:36,student,192.168.1.10,"SELECT name, grade FROM grades WHERE student_id=245;",0
2025-08-20 11:31:37,student,192.168.1.10,"INSERT INTO grades (student_id, course, grade) VALUES (312, 'CS101', 'A');",0
2025-08-20 11:31:38,student,192.168.1.10,"INSERT INTO grades (student_id, course, grade) VALUES (88, 'CS101', 'A');",0
2025-08-20 11:31:39,teacher,192.168.1.10,"INSERT INTO grades (student_id, course, grade) VALUES (495, 'CS101', 'A');",0
2025-08-20 11:31:40,teacher,192.168.1.5,"SELECT * FROM students UNION SELECT card_number, ssn FROM payments;",1
2025-08-20 11:31:41,student,192.168.1.5,SELECT * FROM users WHERE username='admin' OR '1'='1';,1
2025-08-20 11:31:42,teacher,192.168.1.5,"SELECT * FROM students UNION SELECT card_number, ssn FROM payments;",1
2025-08-20 11:31:43,teacher,192.168.1.10,UPDATE courses SET seats = seats - 1 WHERE course_id=273;,0
2025-08-20 11:31:44,student,192.168.1.5,UPDATE users SET password='hacked' WHERE username='admin';,1
2025-08-20 11:31:45,student,192.168.1.5,SELECT * FROM secret_data;,1
2025-08-20 11:31:46,teacher,192.168.1.10,SELECT * FROM users WHERE username='admin' OR '1'='1';,1
2025-08-20 11:31:47,teacher,192.168.1.10,DELETE FROM temp_data WHERE record_id=103;,0
2025-08-20 11:31:48,admin,192.168.1.10,SELECT * FROM students WHERE id=280;,0
2025-08-20 11:31:49,teacher,192.168.1.10,DELETE FROM temp_data WHERE record_id=439;,0
2025-08-20 11:31:50,admin,192.168.1.10,"SELECT name, grade FROM grades WHERE student_id=151;",0
2025-08-20 11:31:51,teacher,192.168.1.10,DELETE FROM temp_data WHERE record_id=294;,0
2025-08-20 11:31:52,admin,10.0.0.25,SELECT * FROM students WHERE id=139;,0
2025-08-20 11:31:53,student,192.168.1.10,SELECT * FROM students WHERE id=352;,0
2025-08-20 11:31:54,teacher,192.168.1.5,"SELECT name, grade FROM grades WHERE student_id=311;",0
2025-08-20 11:31:55,admin,192.168.1.5,DELETE FROM temp_data WHERE record_id=115;,0
2025-08-20 11:31:56,student,192.168.1.10,SELECT * FROM students WHERE id=319;,0
2025-08-20 11:31:57,admin,10.0.0.25,"SELECT name, grade FROM grades WHERE student_id=443;",0
2025-08-20 11:31:58,admin,192.168.1.10,DELETE FROM temp_data WHERE record_id=2;,0
2025-08-20 11:31:59,student,192.168.1.10,"SELECT name, grade FROM grades WHERE student_id=268;",0
2025-08-20 11:32:00,admin,10.0.0.25,SELECT * FROM students WHERE id=202;,0
2025-08-20 11:32:01,student,192.168.1.10,DROP TABLE students;,1
2025-08-20 11:32:02,admin,192.168.1.5,DELETE FROM temp_data WHERE record_id=486;,0
2025-08-20 11:32:03,admin,192.168.1.5,"SELECT name, grade FROM grades WHERE student_id=83;",0
2025-08-20 11:32:04,student,10.0.0.25,SELECT * FROM students WHERE id=269;,0
2025-08-20 11:32:05,teacher,192.168.1.10,"INSERT INTO grades (student_id, course, grade) VALUES (52, 'CS101', 'A');",0
2025-08-20 11:32:06,teacher,10.0.0.25,"INSERT INTO grades (student_id, course, grade) VALUES (147, 'CS101', 'A');",0
2025-08-20 11:32:07,teacher,10.0.0.25,SELECT * FROM secret_data;,1
2025-08-20 11:32:08,student,192.168.1.10,SELECT * FROM students WHERE id=346;,0
2025-08-20 11:32:09,teacher,192.168.1.10,UPDATE users SET password='hacked' WHERE username='admin';,1
2025-08-20 11:32:10,student,192.168.1.10,"INSERT INTO grades (student_id, course, grade) VALUES (388, 'CS101', 'A');",0
2025-08-20 11:32:11,teacher,192.168.1.10,DELETE FROM temp_data WHERE record_id=38;,0
2025-08-20 11:32:12,teacher,192.168.1.5,DELETE FROM temp_data WHERE record_id=213;,0
2025-08-20 11:32:13,teacher,192.168.1.10,UPDATE courses SET seats = seats - 1 WHERE course_id=113;,0
2025-08-20 11:32:14,student,192.168.1.10,SELECT * FROM secret_data;,1
2025-08-20 11:32:15,student,192.168.1.5,UPDATE courses SET seats = seats - 1 WHERE course_id=272;,0
2025-08-20 11:32:16,teacher,10.0.0.25,SELECT * FROM users WHERE username='admin' OR '1'='1';,1
2025-08-20 11:32:17,admin,192.168.1.10,DELETE FROM temp_data WHERE record_id=67;,0
2025-08-20 11:32:18,admin,10.0.0.25,UPDATE courses SET seats = seats - 1 WHERE course_id=478;,0
2025-08-20 11:32:19,admin,192.168.1.10,DELETE FROM temp_data WHERE record_id=153;,0
2025-08-20 11:32:20,student,192.168.1.5,"SELECT name, grade FROM grades WHERE student_id=276;",0
2025-08-20 11:32:21,teacher,192.168.1.10,SELECT * FROM users WHERE username='admin' OR '1'='1';,1
2025-08-20 11:32:22,student,10.0.0.25,SELECT * FROM secret_data;,1
2025-08-20 11:32:23,teacher,192.168.1.10,"INSERT INTO grades (student_id, course, grade) VALUES (241, 'CS101', 'A');",0
2025-08-20 11:32:24,student,192.168.1.10,SELECT * FROM users WHERE username='admin' OR '1'='1';,1
2025-08-20 11:32:25,student,192.168.1.10,"SELECT name, grade FROM grades WHERE student_id=264;",0
2025-08-20 11:32:26,admin,10.0.0.25,UPDATE users SET password='hacked' WHERE username='admin';,1
2025-08-20 11:32:27,student,10.0.0.25,"INSERT INTO grades (student_id, course, grade) VALUES (56, 'CS101', 'A');",0
2025-08-20 11:32:28,teacher,192.168.1.5,SELECT * FROM users WHERE username='admin' OR '1'='1';,1
2025-08-20 11:32:29,student,10.0.0.25,SELECT * FROM students WHERE id=3;,0
2025-08-20 11:32:30,teacher,192.168.1.10,DELETE FROM temp_data WHERE record_id=78;,0
2025-08-20 11:32:31,teacher,192.168.1.10,UPDATE courses SET seats = seats - 1 WHERE course_id=214;,0
2025-08-20 11:32:32,admin,10.0.0.25,DELETE FROM temp_data WHERE record_id=268;,0
2025-08-20 11:32:33,teacher,192.168.1.10,"SELECT name, grade FROM grades WHERE student_id=468;",0
2025-08-20 11:32:34,student,192.168.1.10,DELETE FROM temp_data WHERE record_id=225;,0
2025-08-20 11:32:35,admin,10.0.0.25,UPDATE courses SET seats = seats - 1 WHERE course_id=420;,0
2025-08-20 11:32:36,student,192.168.1.10,"INSERT INTO grades (student_id, course, grade) VALUES (399, 'CS101', 'A');",0
2025-08-20 11:32:37,teacher,192.168.1.10,"INSERT INTO grades (student_id, course, grade) VALUES (169, 'CS101', 'A');",0
2025-08-20 11:32:38,teacher,10.0.0.25,DELETE FROM temp_data WHERE record_id=203;,0
2025-08-20 11:32:39,student,192.168.1.5,"INSERT INTO grades (student_id, course, grade) VALUES (186, 'CS101', 'A');",0
2025-08-20 11:32:40,teacher,10.0.0.25,UPDATE users SET password='hacked' WHERE username='admin';,1
2025-08-20 11:32:41,teacher,10.0.0.25,DELETE FROM temp_data WHERE record_id=403;,0
2025-08-20 11:32:42,student,192.168.1.10,DELETE FROM temp_data WHERE record_id=310;,0
2025-08-20 11:32:43,admin,192.168.1.10,DELETE FROM temp_data WHERE record_id=12;,0
2025-08-20 11:32:44,admin,192.168.1.5,DROP TABLE students;,1
2025-08-20 11:32:45,student,192.168.1.10,UPDATE courses SET seats = seats - 1 WHERE course_id=112;,0
2025-08-20 11:32:46,student,192.168.1.5,"INSERT INTO grades (student_id, course, grade) VALUES (311, 'CS101', 'A');",0
2025-08-20 11:32:47,teacher,192.168.1.5,SELECT * FROM secret_data;,1
2025-08-20 11:32:48,teacher,10.0.0.25,SELECT * FROM students WHERE id=255;,0
2025-08-20 11:32:49,admin,192.168.1.10,"INSERT INTO grades (student_id, course, grade) VALUES (207, 'CS101', 'A');",0
2025-08-20 11:32:50,teacher,192.168.1.10,"INSERT INTO grades (student_id, course, grade) VALUES (419, 'CS101', 'A');",0
2025-08-20 11:32:51,teacher,192.168.1.5,SELECT * FROM students WHERE id=465;,0
2025-08-20 11:32:52,admin,192.168.1.10,"INSERT INTO grades (student_id, course, grade) VALUES (326, 'CS101', 'A');",0
2025-08-20 11:32:53,teacher,192.168.1.5,SELECT * FROM students WHERE id=373;,0
2025-08-20 11:32:54,admin,192.168.1.10,"INSERT INTO grades (student_id, course, grade) VALUES (230, 'CS101', 'A');",0
2025-08-20 11:32:55,teacher,10.0.0.25,"SELECT name, grade FROM grades WHERE student_id=455;",0
2025-08-20 11:32:56,student,10.0.0.25,"INSERT INTO grades (student_id, course, grade) VALUES (477, 'CS101', 'A');",0
2025-08-20 11:32:57,student,192.168.1.10,"SELECT name, grade FROM grades WHERE student_id=483;",0
2025-08-20 11:32:58,admin,192.168.1.5,SELECT * FROM secret_data;,1
2025-08-20 11:32:59,student,192.168.1.10,"SELECT name, grade FROM grades WHERE student_id=43;",0
2025-08-20 11:33:00,teacher,192.168.1.5,SELECT * FROM secret_data;,1
2025-08-20 11:33:01,student,192.168.1.10,"INSERT INTO grades (student_id, course, grade) VALUES (73, 'CS101', 'A');",0
2025-08-20 11:33:02,student,10.0.0.25,"SELECT * FROM students UNION SELECT card_number, ssn FROM payments;",1
2025-08-20 11:33:03,admin,10.0.0.25,"INSERT INTO grades (student_id, course, grade) VALUES (209, 'CS101', 'A');",0
2025-08-20 11:33:04,teacher,10.0.0.25,UPDATE courses SET seats = seats - 1 WHERE course_id=499;,0
2025-08-20 11:33:05,admin,192.168.1.5,"INSERT INTO grades (student_id, course, grade) VALUES (145, 'CS101', 'A');",0
2025-08-20 11:33:06,teacher,10.0.0.25,UPDATE courses SET seats = seats - 1 WHERE course_id=229;,0
2025-08-20 11:33:07,teacher,192.168.1.10,"INSERT INTO grades (student_id, course, grade) VALUES (332, 'CS101', 'A');",0
2025-08-20 11:33:08,admin,192.168.1.5,"SELECT name, grade FROM grades WHERE student_id=88;",0
2025-08-20 11:33:09,student,192.168.1.5,SELECT * FROM users WHERE username='admin' OR '1'='1';,1
2025-08-20 11:33:10,student,192.168.1.5,UPDATE courses SET seats = seats - 1 WHERE course_id=371;,0
2025-08-20 11:33:11,student,192.168.1.5,DROP TABLE students;,1
2025-08-20 11:33:12,admin,192.168.1.5,"INSERT INTO grades (student_id, course, grade) VALUES (222, 'CS101', 'A');",0
2025-08-20 11:33:13,admin,192.168.1.5,"INSERT INTO grades (student_id, course, grade) VALUES (17, 'CS101', 'A');",0
2025-08-20 11:33:14,admin,10.0.0.25,UPDATE courses SET seats = seats - 1 WHERE course_id=416;,0
2025-08-20 11:33:15,student,192.168.1.10,"SELECT * FROM students UNION SELECT card_number, ssn FROM payments;",1
2025-08-20 11:33:16,teacher,192.168.1.5,"INSERT INTO grades (student_id, course, grade) VALUES (368, 'CS101', 'A');",0
2025-08-20 11:33:17,admin,192.168.1.10,"SELECT name, grade FROM grades WHERE student_id=408;",0
2025-08-20 11:33:18,student,192.168.1.10,"SELECT name, grade FROM grades WHERE student_id=418;",0
2025-08-20 11:33:19,teacher,10.0.0.25,UPDATE courses SET seats = seats - 1 WHERE course_id=341;,0
2025-08-20 11:33:20,admin,10.0.0.25,SELECT * FROM students WHERE id=371;,0
2025-08-20 11:33:21,student,10.0.0.25,SELECT * FROM students WHERE id=98;,0
2025-08-20 11:33:22,student,192.168.1.5,"INSERT INTO grades (student_id, course, grade) VALUES (414, 'CS101', 'A');",0
2025-08-20 11:33:23,teacher,10.0.0.25,"INSERT INTO grades (student_id, course, grade) VALUES (463, 'CS101', 'A');",0
2025-08-20 11:33:24,admin,192.168.1.10,"SELECT name, grade FROM grades WHERE student_id=483;",0
2025-08-20 11:33:25,student,192.168.1.5,SELECT * FROM secret_data;,1
2025-08-20 11:33:26,student,192.168.1.5,SELECT * FROM users WHERE username='admin' OR '1'='1';,1
2025-08-20 11:33:27,student,10.0.0.25,DELETE FROM temp_data WHERE record_id=48;,0
2025-08-20 11:33:28,teacher,192.168.1.5,UPDATE courses SET seats = seats - 1 WHERE course_id=14;,0
2025-08-20 11:33:29,teacher,192.168.1.5,"SELECT * FROM students UNION SELECT card_number, ssn FROM payments;",1
2025-08-20 11:33:30,student,192.168.1.5,DELETE FROM temp_data WHERE record_id=452;,0
2025-08-20 11:33:31,admin,192.168.1.10,"INSERT INTO grades (student_id, course, grade) VALUES (124, 'CS101', 'A');",0
2025-08-20 11:33:32,teacher,192.168.1.5,DELETE FROM temp_data WHERE record_id=100;,0
2025-08-20 11:33:33,student,10.0.0.25,DELETE FROM temp_data WHERE record_id=361;,0
2025-08-20 11:33:34,teacher,192.168.1.10,UPDATE courses SET seats = seats - 1 WHERE course_id=197;,0
2025-08-20 11:33:35,admin,10.0.0.25,DELETE FROM temp_data WHERE record_id=388;,0
2025-08-20 11:33:36,student,192.168.1.5,UPDATE users SET password='hacked' WHERE username='admin';,1
2025-08-20 11:33:37,teacher,10.0.0.25,UPDATE users SET password='hacked' WHERE username='admin';,1
2025-08-20 11:33:38,student,192.168.1.5,"INSERT INTO grades (student_id, course, grade) VALUES (224, 'CS101', 'A');",0
2025-08-20 11:33:39,admin,10.0.0.25,DELETE FROM temp_data WHERE record_id=359;,0
2025-08-20 11:33:40,student,192.168.1.10,UPDATE courses SET seats = seats - 1 WHERE course_id=289;,0
2025-08-20 11:33:41,teacher,192.168.1.5,SELECT * FROM students WHERE id=471;,0
2025-08-20 11:33:42,teacher,192.168.1.10,"INSERT INTO grades (student_id, course, grade) VALUES (119, 'CS101', 'A');",0
2025-08-20 11:33:43,admin,192.168.1.5,"INSERT INTO grades (student_id, course, grade) VALUES (406, 'CS101', 'A');",0
2025-08-20 11:33:44,teacher,10.0.0.25,UPDATE courses SET seats = seats - 1 WHERE course_id=11;,0
2025-08-20 11:33:45,student,192.168.1.10,"SELECT name, grade FROM grades WHERE student_id=44;",0
2025-08-20 11:33:46,admin,192.168.1.5,SELECT * FROM students WHERE id=368;,0
2025-08-20 11:33:47,student,192.168.1.10,SELECT * FROM students WHERE id=321;,0
2025-08-20 11:33:48,student,192.168.1.10,SELECT * FROM secret_data;,1
2025-08-20 11:33:49,admin,192.168.1.5,DELETE FROM temp_data WHERE record_id=133;,0
2025-08-20 11:33:50,teacher,192.168.1.10,"SELECT name, grade FROM grades WHERE student_id=99;",0
2025-08-20 11:33:51,teacher,10.0.0.25,"SELECT name, grade FROM grades WHERE student_id=97;",0
2025-08-20 11:33:52,admin,10.0.0.25,DELETE FROM temp_data WHERE record_id=266;,0
2025-08-20 11:33:53,admin,10.0.0.25,UPDATE users SET password='hacked' WHERE username='admin';,1
2025-08-20 11:33:54,student,192.168.1.5,SELECT * FROM students WHERE id=68;,0
2025-08-20 11:33:55,teacher,10.0.0.25,UPDATE courses SET seats = seats - 1 WHERE course_id=162;,0
2025-08-20 11:33:56,student,192.168.1.5,UPDATE courses SET seats = seats - 1 WHERE course_id=434;,0
2025-08-20 11:33:57,admin,192.168.1.5,SELECT * FROM secret_data;,1
2025-08-20 11:33:58,admin,192.168.1.5,UPDATE courses SET seats = seats - 1 WHERE course_id=315;,0
2025-08-20 11:33:59,student,192.168.1.5,UPDATE courses SET seats = seats - 1 WHERE course_id=363;,0
2025-08-20 11:34:00,teacher,192.168.1.5,SELECT * FROM secret_data;,1
2025-08-20 11:34:01,teacher,192.168.1.10,SELECT * FROM users WHERE username='admin' OR '1'='1';,1
2025-08-20 11:34:02,teacher,192.168.1.5,UPDATE courses SET seats = seats - 1 WHERE course_id=153;,0
2025-08-20 11:34:03,student,192.168.1.5,SELECT * FROM students WHERE id=487;,0
2025-08-20 11:34:04,student,10.0.0.25,UPDATE courses SET seats = seats - 1 WHERE course_id=183;,0
2025-08-20 11:34:05,teacher,192.168.1.5,SELECT * FROM students WHERE id=370;,0
2025-08-20 11:34:06,admin,192.168.1.10,"INSERT INTO grades (student_id, course, grade) VALUES (370, 'CS101', 'A');",0
2025-08-20 11:34:07,teacher,192.168.1.5,DELETE FROM temp_data WHERE record_id=430;,0
2025-08-20 11:34:08,student,10.0.0.25,SELECT * FROM students WHERE id=56;,0
2025-08-20 11:34:09,student,10.0.0.25,UPDATE courses SET seats = seats - 1 WHERE course_id=48;,0
2025-08-20 11:34:10,admin,192.168.1.10,SELECT * FROM students WHERE id=26;,0
2025-08-20 11:34:11,admin,192.168.1.5,UPDATE courses SET seats = seats - 1 WHERE course_id=149;,0
2025-08-20 11:34:12,teacher,192.168.1.5,"SELECT name, grade FROM grades WHERE student_id=306;",0
2025-08-20 11:34:13,student,192.168.1.10,UPDATE courses SET seats = seats - 1 WHERE course_id=201;,0
2025-08-20 11:34:14,teacher,192.168.1.5,DELETE FROM temp_data WHERE record_id=279;,0
2025-08-20 11:34:15,student,192.168.1.10,DELETE FROM temp_data WHERE record_id=377;,0
2025-08-20 11:34:16,admin,192.168.1.10,SELECT * FROM users WHERE username='admin' OR '1'='1';,1
2025-08-20 11:34:17,student,192.168.1.10,DELETE FROM temp_data WHERE record_id=232;,0
2025-08-20 11:34:18,student,192.168.1.5,DELETE FROM temp_data WHERE record_id=326;,0
2025-08-20 11:34:19,admin,192.168.1.5,UPDATE courses SET seats = seats - 1 WHERE course_id=62;,0
2025-08-20 11:34:20,admin,192.168.1.10,"INSERT INTO grades (student_id, course, grade) VALUES (478, 'CS101', 'A');",0
2025-08-20 11:34:21,student,10.0.0.25,SELECT * FROM students WHERE id=296;,0
2025-08-20 11:34:22,teacher,10.0.0.25,UPDATE courses SET seats = seats - 1 WHERE course_id=401;,0
2025-08-20 11:34:23,admin,192.168.1.5,"INSERT INTO grades (student_id, course, grade) VALUES (357, 'CS101', 'A');",0
2025-08-20 11:34:24,student,192.168.1.10,UPDATE courses SET seats = seats - 1 WHERE course_id=66;,0
2025-08-20 11:34:25,student,192.168.1.5,SELECT * FROM secret_data;,1
2025-08-20 11:34:26,teacher,10.0.0.25,DROP TABLE students;,1
2025-08-20 11:34:27,teacher,192.168.1.5,DELETE FROM temp_data WHERE record_id=495;,0
2025-08-20 11:34:28,admin,192.168.1.10,SELECT * FROM secret_data;,1
2025-08-20 11:34:29,admin,10.0.0.25,"INSERT INTO grades (student_id, course, grade) VALUES (277, 'CS101', 'A');",0
2025-08-20 11:34:30,teacher,10.0.0.25,SELECT * FROM secret_data;,1
2025-08-20 11:34:31,student,10.0.0.25,SELECT * FROM students WHERE id=265;,0
2025-08-20 11:34:32,admin,192.168.1.10,SELECT * FROM secret_data;,1
2025-08-20 11:34:33,admin,10.0.0.25,UPDATE courses SET seats = seats - 1 WHERE course_id=428;,0
2025-08-20 11:34:34,teacher,192.168.1.5,DELETE FROM temp_data WHERE record_id=459;,0
2025-08-20 11:34:35,student,192.168.1.5,DELETE FROM temp_data WHERE record_id=90;,0
2025-08-20 11:34:36,student,192.168.1.10,"SELECT name, grade FROM grades WHERE student_id=45;",0
2025-08-20 11:34:37,admin,192.168.1.10,UPDATE courses SET seats = seats - 1 WHERE course_id=70;,0
2025-08-20 11:34:38,admin,192.168.1.5,UPDATE users SET password='hacked' WHERE username='admin';,1
2025-08-20 11:34:39,teacher,10.0.0.25,SELECT * FROM students WHERE id=128;,0
2025-08-20 11:34:40,teacher,10.0.0.25,SELECT * FROM users WHERE username='admin' OR '1'='1';,1
2025-08-20 11:34:41,student,10.0.0.25,"SELECT name, grade FROM grades WHERE student_id=308;",0
2025-08-20 11:34:42,admin,192.168.1.10,DELETE FROM temp_data WHERE record_id=444;,0
2025-08-20 11:34:43,student,192.168.1.5,UPDATE courses SET seats = seats - 1 WHERE course_id=319;,0
2025-08-20 11:34:44,teacher,10.0.0.25,UPDATE courses SET seats = seats - 1 WHERE course_id=130;,0
2025-08-20 11:34:45,admin,10.0.0.25,"SELECT * FROM students UNION SELECT card_number, ssn FROM payments;",1
2025-08-20 11:34:46,admin,192.168.1.10,"SELECT * FROM students UNION SELECT card_number, ssn FROM payments;",1
2025-08-20 11:34:47,admin,192.168.1.10,DROP TABLE students;,1
2025-08-20 11:34:48,student,192.168.1.10,"INSERT INTO grades (student_id, course, grade) VALUES (334, 'CS101', 'A');",0
2025-08-20 11:34:49,student,192.168.1.10,"INSERT INTO grades (student_id, course, grade) VALUES (343, 'CS101', 'A');",0
2025-08-20 11:34:50,admin,192.168.1.10,DELETE FROM temp_data WHERE record_id=170;,0
2025-08-20 11:34:51,admin,10.0.0.25,SELECT * FROM students WHERE id=42;,0
2025-08-20 11:34:52,admin,192.168.1.5,DROP TABLE students;,1
2025-08-20 11:34:53,student,192.168.1.10,"SELECT * FROM students UNION SELECT card_number, ssn FROM payments;",1
2025-08-20 11:34:54,admin,192.168.1.5,SELECT * FROM students WHERE id=253;,0
2025-08-20 11:34:55,teacher,10.0.0.25,"INSERT INTO grades (student_id, course, grade) VALUES (338, 'CS101', 'A');",0
2025-08-20 11:34:56,student,10.0.0.25,DROP TABLE students;,1
2025-08-20 11:34:57,teacher,192.168.1.5,SELECT * FROM students WHERE id=405;,0
2025-08-20 11:34:58,admin,192.168.1.10,DELETE FROM temp_data WHERE record_id=261;,0
2025-08-20 11:34:59,student,192.168.1.5,UPDATE courses SET seats = seats - 1 WHERE course_id=364;,0
2025-08-20 11:35:00,admin,10.0.0.25,DROP TABLE students;,1
2025-08-20 11:35:01,admin,192.168.1.10,DELETE FROM temp_data WHERE record_id=466;,0
2025-08-20 11:35:02,admin,10.0.0.25,"SELECT name, grade FROM grades WHERE student_id=23;",0
2025-08-20 11:35:03,teacher,10.0.0.25,SELECT * FROM users WHERE username='admin' OR '1'='1';,1
2025-08-20 11:35:04,teacher,192.168.1.5,DROP TABLE students;,1
2025-08-20 11:35:05,admin,192.168.1.5,UPDATE courses SET seats = seats - 1 WHERE course_id=348;,0
2025-08-20 11:35:06,admin,192.168.1.5,"SELECT name, grade FROM grades WHERE student_id=499;",0
2025-08-20 11:35:07,teacher,192.168.1.10,DELETE FROM temp_data WHERE record_id=389;,0
2025-08-20 11:35:08,teacher,10.0.0.25,UPDATE courses SET seats = seats - 1 WHERE course_id=23;,0
2025-08-20 11:35:09,admin,192.168.1.5,"INSERT INTO grades (student_id, course, grade) VALUES (195, 'CS101', 'A');",0
2025-08-20 11:35:10,teacher,192.168.1.10,"SELECT name, grade FROM grades WHERE student_id=356;",0
2025-08-20 11:35:11,student,192.168.1.10,DELETE FROM temp_data WHERE record_id=365;,0
2025-08-20 11:35:12,student,192.168.1.10,UPDATE courses SET seats = seats - 1 WHERE course_id=330;,0
2025-08-20 11:35:13,student,192.168.1.10,"INSERT INTO grades (student_id, course, grade) VALUES (422, 'CS101', 'A');",0
2025-08-20 11:35:14,teacher,10.0.0.25,"SELECT name, grade FROM grades WHERE student_id=43;",0
2025-08-20 11:35:15,admin,192.168.1.10,"SELECT name, grade FROM grades WHERE student_id=238;",0
2025-08-20 11:35:16,teacher,10.0.0.25,"SELECT name, grade FROM grades WHERE student_id=194;",0
2025-08-20 11:35:17,teacher,192.168.1.10,SELECT * FROM students WHERE id=186;,0
2025-08-20 11:35:18,admin,10.0.0.25,UPDATE courses SET seats = seats - 1 WHERE course_id=224;,0
2025-08-20 11:35:19,teacher,10.0.0.25,"SELECT name, grade FROM grades WHERE student_id=33;",0
2025-08-20 11:35:20,teacher,192.168.1.10,UPDATE courses SET seats = seats - 1 WHERE course_id=391;,0
2025-08-20 11:35:21,student,10.0.0.25,"SELECT * FROM students UNION SELECT card_number, ssn FROM payments;",1
2025-08-20 11:35:22,teacher,192.168.1.5,UPDATE courses SET seats = seats - 1 WHERE course_id=446;,0
2025-08-20 11:35:23,student,192.168.1.5,UPDATE users SET password='hacked' WHERE username='admin';,1
2025-08-20 11:35:24,student,192.168.1.10,"INSERT INTO grades (student_id, course, grade) VALUES (162, 'CS101', 'A');",0
2025-08-20 11:35:25,admin,192.168.1.10,SELECT * FROM students WHERE id=157;,0
2025-08-20 11:35:26,student,10.0.0.25,"SELECT name, grade FROM grades WHERE student_id=257;",0
2025-08-20 11:35:27,admin,192.168.1.5,"SELECT name, grade FROM grades WHERE student_id=138;",0
2025-08-20 11:35:28,admin,192.168.1.5,SELECT * FROM students WHERE id=173;,0
2025-08-20 11:35:29,student,192.168.1.10,UPDATE courses SET seats = seats - 1 WHERE course_id=474;,0
2025-08-20 11:35:30,student,10.0.0.25,SELECT * FROM users WHERE username='admin' OR '1'='1';,1
2025-08-20 11:35:31,teacher,10.0.0.25,DELETE FROM temp_data WHERE record_id=166;,0
2025-08-20 11:35:32,admin,10.0.0.25,SELECT * FROM students WHERE id=127;,0
2025-08-20 11:35:33,admin,10.0.0.25,DROP TABLE students;,1
2025-08-20 11:35:34,teacher,10.0.0.25,UPDATE users SET password='hacked' WHERE username='admin';,1
2025-08-20 11:35:35,admin,192.168.1.5,DELETE FROM temp_data WHERE record_id=142;,0
2025-08-20 11:35:36,teacher,10.0.0.25,"SELECT name, grade FROM grades WHERE student_id=116;",0
2025-08-20 11:35:37,admin,192.168.1.5,SELECT * FROM students WHERE id=42;,0
2025-08-20 11:35:38,teacher,10.0.0.25,SELECT * FROM students WHERE id=131;,0
2025-08-20 11:35:39,student,192.168.1.5,DELETE FROM temp_data WHERE record_id=248;,0
2025-08-20 11:35:40,student,192.168.1.10,"SELECT * FROM students UNION SELECT card_number, ssn FROM payments;",1
2025-08-20 11:35:41,teacher,10.0.0.25,UPDATE courses SET seats = seats - 1 WHERE course_id=110;,0
2025-08-20 11:35:42,teacher,192.168.1.10,"SELECT name, grade FROM grades WHERE student_id=154;",0
2025-08-20 11:35:43,student,192.168.1.5,"SELECT name, grade FROM grades WHERE student_id=484;",0
2025-08-20 11:35:44,student,10.0.0.25,"SELECT * FROM students UNION SELECT card_number, ssn FROM payments;",1
2025-08-20 11:35:45,admin,192.168.1.10,DELETE FROM temp_data WHERE record_id=432;,0
2025-08-20 11:35:46,teacher,192.168.1.5,UPDATE courses SET seats = seats - 1 WHERE course_id=474;,0
2025-08-20 11:35:47,teacher,192.168.1.5,UPDATE users SET password='hacked' WHERE username='admin';,1
2025-08-20 11:35:48,admin,192.168.1.10,"SELECT name, grade FROM grades WHERE student_id=348;",0
2025-08-20 11:35:49,teacher,192.168.1.5,"INSERT INTO grades (student_id, course, grade) VALUES (81, 'CS101', 'A');",0
2025-08-20 11:35:50,teacher,10.0.0.25,DELETE FROM temp_data WHERE record_id=125;,0
2025-08-20 11:35:51,student,192.168.1.10,UPDATE courses SET seats = seats - 1 WHERE course_id=417;,0
2025-08-20 11:35:52,student,10.0.0.25,SELECT * FROM users WHERE username='admin' OR '1'='1';,1
2025-08-20 11:35:53,student,192.168.1.10,UPDATE users SET password='hacked' WHERE username='admin';,1
2025-08-20 11:35:54,student,10.0.0.25,SELECT * FROM students WHERE id=325;,0
2025-08-20 11:35:55,admin,192.168.1.5,"SELECT * FROM students UNION SELECT card_number, ssn FROM payments;",1
2025-08-20 11:35:56,student,192.168.1.10,"INSERT INTO grades (student_id, course, grade) VALUES (219, 'CS101', 'A');",0
2025-08-20 11:35:57,teacher,192.168.1.10,"INSERT INTO grades (student_id, course, grade) VALUES (269, 'CS101', 'A');",0
2025-08-20 11:35:58,teacher,192.168.1.5,DROP TABLE students;,1
2025-08-20 11:35:59,admin,192.168.1.10,UPDATE users SET password='hacked' WHERE username='admin';,1
2025-08-20 11:36:00,teacher,10.0.0.25,"INSERT INTO grades (student_id, course, grade) VALUES (382, 'CS101', 'A');",0
2025-08-20 11:36:01,teacher,192.168.1.5,SELECT * FROM students WHERE id=94;,0
2025-08-20 11:36:02,teacher,192.168.1.10,SELECT * FROM students WHERE id=342;,0
2025-08-20 11:36:03,student,192.168.1.10,"SELECT name, grade FROM grades WHERE student_id=213;",0
2025-08-20 11:36:04,teacher,192.168.1.5,"INSERT INTO grades (student_id, course, grade) VALUES (413, 'CS101', 'A');",0
2025-08-20 11:36:05,teacher,192.168.1.10,DELETE FROM temp_data WHERE record_id=239;,0
2025-08-20 11:36:06,teacher,192.168.1.10,SELECT * FROM users WHERE username='admin' OR '1'='1';,1
2025-08-20 11:36:07,teacher,192.168.1.5,UPDATE courses SET seats = seats - 1 WHERE course_id=54;,0
2025-08-20 11:36:08,admin,192.168.1.10,UPDATE courses SET seats = seats - 1 WHERE course_id=35;,0
2025-08-20 11:36:09,admin,192.168.1.10,"SELECT name, grade FROM grades WHERE student_id=7;",0
2025-08-20 11:36:10,teacher,10.0.0.25,UPDATE users SET password='hacked' WHERE username='admin';,1
2025-08-20 11:36:11,student,10.0.0.25,DELETE FROM temp_data WHERE record_id=20;,0
2025-08-20 11:36:12,teacher,192.168.1.5,"SELECT name, grade FROM grades WHERE student_id=187;",0
2025-08-20 11:36:13,teacher,192.168.1.10,UPDATE courses SET seats = seats - 1 WHERE course_id=206;,0
2025-08-20 11:36:14,student,192.168.1.10,DELETE FROM temp_data WHERE record_id=267;,0
2025-08-20 11:36:15,student,192.168.1.10,"INSERT INTO grades (student_id, course, grade) VALUES (183, 'CS101', 'A');",0
2025-08-20 11:36:16,teacher,192.168.1.10,DELETE FROM temp_data WHERE record_id=275;,0
2025-08-20 11:36:17,admin,192.168.1.10,"SELECT name, grade FROM grades WHERE student_id=385;",0
2025-08-20 11:36:18,admin,10.0.0.25,"SELECT name, grade FROM grades WHERE student_id=495;",0
2025-08-20 11:36:19,admin,192.168.1.5,SELECT * FROM students WHERE id=492;,0
2025-08-20 11:36:20,teacher,10.0.0.25,SELECT * FROM students WHERE id=233;,0
2025-08-20 11:36:21,student,10.0.0.25,"SELECT name, grade FROM grades WHERE student_id=96;",0
2025-08-20 11:36:22,admin,10.0.0.25,DELETE FROM temp_data WHERE record_id=76;,0
2025-08-20 11:36:23,admin,192.168.1.10,DROP TABLE students;,1
2025-08-20 11:36:24,student,192.168.1.10,"SELECT name, grade FROM grades WHERE student_id=153;",0
2025-08-20 11:36:25,teacher,192.168.1.5,UPDATE users SET password='hacked' WHERE username='admin';,1
2025-08-20 11:36:26,admin,10.0.0.25,"SELECT name, grade FROM grades WHERE student_id=198;",0
2025-08-20 11:36:27,student,192.168.1.10,SELECT * FROM users WHERE username='admin' OR '1'='1';,1
2025-08-20 11:36:28,teacher,192.168.1.10,SELECT * FROM students WHERE id=470;,0
2025-08-20 11:36:29,student,192.168.1.5,"INSERT INTO grades (student_id, course, grade) VALUES (382, 'CS101', 'A');",0
2025-08-20 11:36:30,admin,192.168.1.5,UPDATE courses SET seats = seats - 1 WHERE course_id=238;,0
2025-08-20 11:36:31,student,192.168.1.5,SELECT * FROM students WHERE id=304;,0
2025-08-20 11:36:32,admin,192.168.1.5,"INSERT INTO grades (student_id, course, grade) VALUES (364, 'CS101', 'A');",0
2025-08-20 11:36:33,admin,192.168.1.10,"INSERT INTO grades (student_id, course, grade) VALUES (481, 'CS101', 'A');",0
2025-08-20 11:36:34,admin,10.0.0.25,"SELECT name, grade FROM grades WHERE student_id=359;",0
2025-08-20 11:36:35,student,192.168.1.10,"SELECT name, grade FROM grades WHERE student_id=151;",0
2025-08-20 11:36:36,teacher,192.168.1.5,DELETE FROM temp_data WHERE record_id=4;,0
2025-08-20 11:36:37,student,192.168.1.10,DELETE FROM temp_data WHERE record_id=118;,0
2025-08-20 11:36:38,admin,10.0.0.25,"SELECT name, grade FROM grades WHERE student_id=210;",0
2025-08-20 11:36:39,teacher,192.168.1.5,UPDATE courses SET seats = seats - 1 WHERE course_id=411;,0
2025-08-20 11:36:40,teacher,192.168.1.5,"SELECT name, grade FROM grades WHERE student_id=205;",0
2025-08-20 11:36:41,admin,192.168.1.10,"SELECT name, grade FROM grades WHERE student_id=489;",0
2025-08-20 11:36:42,admin,192.168.1.5,DROP TABLE students;,1
2025-08-20 11:36:43,admin,10.0.0.25,"SELECT name, grade FROM grades WHERE student_id=322;",0
2025-08-20 11:36:44,admin,192.168.1.5,"INSERT INTO grades (student_id, course, grade) VALUES (381, 'CS101', 'A');",0
2025-08-20 11:36:45,teacher,192.168.1.5,DELETE FROM temp_data WHERE record_id=32;,0
2025-08-20 11:36:46,admin,192.168.1.5,DELETE FROM temp_data WHERE record_id=233;,0
2025-08-20 11:36:47,student,10.0.0.25,SELECT * FROM secret_data;,1
2025-08-20 11:36:48,student,10.0.0.25,DELETE FROM temp_data WHERE record_id=99;,0
2025-08-20 11:36:49,teacher,192.168.1.10,UPDATE courses SET seats = seats - 1 WHERE course_id=284;,0
2025-08-20 11:36:50,teacher,10.0.0.25,DELETE FROM temp_data WHERE record_id=406;,0
2025-08-20 11:36:51,student,192.168.1.5,SELECT * FROM students WHERE id=488;,0
2025-08-20 11:36:52,admin,10.0.0.25,"SELECT name, grade FROM grades WHERE student_id=71;",0
2025-08-20 11:36:53,admin,10.0.0.25,DELETE FROM temp_data WHERE record_id=444;,0
2025-08-20 11:36:54,student,10.0.0.25,SELECT * FROM secret_data;,1
2025-08-20 11:36:55,student,192.168.1.5,"INSERT INTO grades (student_id, course, grade) VALUES (435, 'CS101', 'A');",0
2025-08-20 11:36:56,teacher,192.168.1.10,"INSERT INTO grades (student_id, course, grade) VALUES (385, 'CS101', 'A');",0
2025-08-20 11:36:57,admin,192.168.1.10,UPDATE courses SET seats = seats - 1 WHERE course_id=476;,0
2025-08-20 11:36:58,teacher,192.168.1.5,UPDATE courses SET seats = seats - 1 WHERE course_id=120;,0
2025-08-20 11:36:59,teacher,192.168.1.10,SELECT * FROM students WHERE id=140;,0
2025-08-20 11:37:00,teacher,192.168.1.10,"INSERT INTO grades (student_id, course, grade) VALUES (492, 'CS101', 'A');",0
2025-08-20 11:37:01,admin,10.0.0.25,DELETE FROM temp_data WHERE record_id=145;,0
2025-08-20 11:37:02,teacher,192.168.1.5,SELECT * FROM students WHERE id=298;,0
2025-08-20 11:37:03,admin,192.168.1.5,DELETE FROM temp_data WHERE record_id=375;,0
2025-08-20 11:37:04,admin,192.168.1.10,SELECT * FROM students WHERE id=500;,0
2025-08-20 11:37:05,student,192.168.1.10,DELETE FROM temp_data WHERE record_id=317;,0
2025-08-20 11:37:06,admin,10.0.0.25,"INSERT INTO grades (student_id, course, grade) VALUES (134, 'CS101', 'A');",0
2025-08-20 11:37:07,teacher,10.0.0.25,"INSERT INTO grades (student_id, course, grade) VALUES (189, 'CS101', 'A');",0
2025-08-20 11:37:08,teacher,192.168.1.5,DELETE FROM temp_data WHERE record_id=234;,0
2025-08-20 11:37:09,teacher,192.168.1.5,SELECT * FROM students WHERE id=146;,0
2025-08-20 11:37:10,admin,192.168.1.10,"INSERT INTO grades (student_id, course, grade) VALUES (441, 'CS101', 'A');",0
2025-08-20 11:37:11,student,192.168.1.5,DELETE FROM temp_data WHERE record_id=360;,0
2025-08-20 11:37:12,admin,10.0.0.25,"INSERT INTO grades (student_id, course, grade) VALUES (114, 'CS101', 'A');",0
2025-08-20 11:37:13,student,10.0.0.25,DELETE FROM temp_data WHERE record_id=412;,0
2025-08-20 11:37:14,student,10.0.0.25,DELETE FROM temp_data WHERE record_id=222;,0
2025-08-20 11:37:15,student,10.0.0.25,"SELECT * FROM students UNION SELECT card_number, ssn FROM payments;",1
2025-08-20 11:37:16,student,10.0.0.25,"SELECT name, grade FROM grades WHERE student_id=30;",0
2025-08-20 11:37:17,student,10.0.0.25,UPDATE courses SET seats = seats - 1 WHERE course_id=336;,0
2025-08-20 11:37:18,teacher,10.0.0.25,"SELECT name, grade FROM grades WHERE student_id=223;",0
2025-08-20 11:37:19,student,10.0.0.25,SELECT * FROM users WHERE username='admin' OR '1'='1';,1
2025-08-20 11:37:20,admin,192.168.1.5,SELECT * FROM students WHERE id=334;,0
2025-08-20 11:37:21,teacher,192.168.1.5,UPDATE courses SET seats = seats - 1 WHERE course_id=386;,0
2025-08-20 11:37:22,admin,192.168.1.5,DROP TABLE students;,1
2025-08-20 11:37:23,student,10.0.0.25,DROP TABLE students;,1
2025-08-20 11:37:24,teacher,192.168.1.10,DROP TABLE students;,1
2025-08-20 11:37:25,admin,192.168.1.10,UPDATE courses SET seats = seats - 1 WHERE course_id=401;,0
2025-08-20 11:37:26,student,192.168.1.5,"INSERT INTO grades (student_id, course, grade) VALUES (184, 'CS101', 'A');",0
2025-08-20 11:37:27,teacher,10.0.0.25,SELECT * FROM secret_data;,1
2025-08-20 11:37:28,teacher,10.0.0.25,"SELECT name, grade FROM grades WHERE student_id=110;",0
2025-08-20 11:37:29,teacher,192.168.1.10,"INSERT INTO grades (student_id, course, grade) VALUES (341, 'CS101', 'A');",0
2025-08-20 11:37:30,teacher,192.168.1.5,UPDATE courses SET seats = seats - 1 WHERE course_id=380;,0
2025-08-20 11:37:31,student,10.0.0.25,SELECT * FROM secret_data;,1
2025-08-20 11:37:32,student,192.168.1.10,SELECT * FROM students WHERE id=60;,0
2025-08-20 11:37:33,student,192.168.1.5,UPDATE courses SET seats = seats - 1 WHERE course_id=64;,0
2025-08-20 11:37:34,student,192.168.1.5,SELECT * FROM students WHERE id=210;,0
2025-08-20 11:37:35,admin,192.168.1.5,SELECT * FROM students WHERE id=295;,0
2025-08-20 11:37:36,student,192.168.1.10,UPDATE courses SET seats = seats - 1 WHERE course_id=348;,0
2025-08-20 11:37:37,teacher,192.168.1.5,SELECT * FROM secret_data;,1
2025-08-20 11:37:38,teacher,10.0.0.25,SELECT * FROM students WHERE id=415;,0
2025-08-20 11:37:39,student,10.0.0.25,"SELECT name, grade FROM grades WHERE student_id=229;",0
2025-08-20 11:37:40,teacher,10.0.0.25,DELETE FROM temp_data WHERE record_id=98;,0
2025-08-20 11:37:41,teacher,10.0.0.25,UPDATE courses SET seats = seats - 1 WHERE course_id=75;,0
2025-08-20 11:37:42,student,192.168.1.10,UPDATE courses SET seats = seats - 1 WHERE course_id=98;,0
2025-08-20 11:37:43,admin,10.0.0.25,"SELECT name, grade FROM grades WHERE student_id=246;",0
2025-08-20 11:37:44,student,192.168.1.5,DROP TABLE students;,1
2025-08-20 11:37:45,teacher,10.0.0.25,UPDATE courses SET seats = seats - 1 WHERE course_id=314;,0
2025-08-20 11:37:46,admin,192.168.1.5,"SELECT * FROM students UNION SELECT card_number, ssn FROM payments;",1
2025-08-20 11:37:47,teacher,192.168.1.10,DROP TABLE students;,1
2025-08-20 11:37:48,admin,192.168.1.5,UPDATE courses SET seats = seats - 1 WHERE course_id=494;,0
2025-08-20 11:37:49,admin,192.168.1.5,DELETE FROM temp_data WHERE record_id=445;,0
2025-08-20 11:37:50,admin,192.168.1.5,DELETE FROM temp_data WHERE record_id=379;,0
2025-08-20 11:37:51,student,10.0.0.25,DELETE FROM temp_data WHERE record_id=140;,0
2025-08-20 11:37:52,admin,192.168.1.5,SELECT * FROM users WHERE username='admin' OR '1'='1';,1
2025-08-20 11:37:53,admin,10.0.0.25,"SELECT name, grade FROM grades WHERE student_id=253;",0
2025-08-20 11:37:54,admin,192.168.1.5,SELECT * FROM students WHERE id=292;,0
2025-08-20 11:37:55,admin,192.168.1.10,DELETE FROM temp_data WHERE record_id=127;,0
2025-08-20 11:37:56,teacher,192.168.1.5,UPDATE courses SET seats = seats - 1 WHERE course_id=498;,0
2025-08-20 11:37:57,admin,192.168.1.10,SELECT * FROM users WHERE username='admin' OR '1'='1';,1
2025-08-20 11:37:58,teacher,192.168.1.5,"SELECT * FROM students UNION SELECT card_number, ssn FROM payments;",1
2025-08-20 11:37:59,admin,192.168.1.5,UPDATE courses SET seats = seats - 1 WHERE course_id=288;,0
2025-08-20 11:38:00,student,192.168.1.10,DELETE FROM temp_data WHERE record_id=18;,0
2025-08-20 11:38:01,student,10.0.0.25,SELECT * FROM users WHERE username='admin' OR '1'='1';,1
2025-08-20 11:38:02,admin,192.168.1.10,"INSERT INTO grades (student_id, course, grade) VALUES (471, 'CS101', 'A');",0
2025-08-20 11:38:03,teacher,10.0.0.25,DELETE FROM temp_data WHERE record_id=85;,0
2025-08-20 11:38:04,admin,192.168.1.10,DELETE FROM temp_data WHERE record_id=454;,0
2025-08-20 11:38:05,student,192.168.1.5,"SELECT name, grade FROM grades WHERE student_id=298;",0
2025-08-20 11:38:06,admin,10.0.0.25,"INSERT INTO grades (student_id, course, grade) VALUES (230, 'CS101', 'A');",0
2025-08-20 11:38:07,teacher,192.168.1.5,UPDATE users SET password='hacked' WHERE username='admin';,1
2025-08-20 11:38:08,student,10.0.0.25,DELETE FROM temp_data WHERE record_id=353;,0
2025-08-20 11:38:09,teacher,10.0.0.25,SELECT * FROM students WHERE id=80;,0
2025-08-20 11:38:10,admin,10.0.0.25,"SELECT name, grade FROM grades WHERE student_id=371;",0
2025-08-20 11:38:11,student,192.168.1.10,DELETE FROM temp_data WHERE record_id=358;,0
2025-08-20 11:38:12,admin,192.168.1.5,DELETE FROM temp_data WHERE record_id=389;,0
2025-08-20 11:38:13,teacher,192.168.1.5,SELECT * FROM users WHERE username='admin' OR '1'='1';,1
2025-08-20 11:38:14,teacher,192.168.1.10,SELECT * FROM students WHERE id=466;,0
2025-08-20 11:38:15,teacher,192.168.1.5,SELECT * FROM secret_data;,1
2025-08-20 11:38:16,student,192.168.1.10,SELECT * FROM students WHERE id=152;,0
2025-08-20 11:38:17,admin,192.168.1.5,"SELECT name, grade FROM grades WHERE student_id=479;",0
2025-08-20 11:38:18,student,192.168.1.5,DELETE FROM temp_data WHERE record_id=480;,0
2025-08-20 11:38:19,student,192.168.1.5,DELETE FROM temp_data WHERE record_id=75;,0
2025-08-20 11:38:20,admin,192.168.1.10,UPDATE courses SET seats = seats - 1 WHERE course_id=449;,0
2025-08-20 11:38:21,student,192.168.1.5,UPDATE courses SET seats = seats - 1 WHERE course_id=148;,0
2025-08-20 11:38:22,teacher,192.168.1.5,DELETE FROM temp_data WHERE record_id=124;,0
2025-08-20 11:38:23,student,10.0.0.25,UPDATE courses SET seats = seats - 1 WHERE course_id=108;,0
2025-08-20 11:38:24,student,192.168.1.5,SELECT * FROM students WHERE id=174;,0
2025-08-20 11:38:25,student,192.168.1.5,DELETE FROM temp_data WHERE record_id=275;,0
2025-08-20 11:38:26,teacher,192.168.1.10,DELETE FROM temp_data WHERE record_id=360;,0
2025-08-20 11:38:27,teacher,192.168.1.10,SELECT * FROM students WHERE id=135;,0
2025-08-20 11:38:28,admin,192.168.1.10,UPDATE courses SET seats = seats - 1 WHERE course_id=392;,0
2025-08-20 11:38:29,student,192.168.1.10,"SELECT name, grade FROM grades WHERE student_id=405;",0
2025-08-20 11:38:30,teacher,192.168.1.10,SELECT * FROM secret_data;,1
2025-08-20 11:38:31,teacher,192.168.1.10,"SELECT * FROM students UNION SELECT card_number, ssn FROM payments;",1
2025-08-20 11:38:32,teacher,192.168.1.10,SELECT * FROM users WHERE username='admin' OR '1'='1';,1
2025-08-20 11:38:33,student,10.0.0.25,UPDATE courses SET seats = seats - 1 WHERE course_id=312;,0
2025-08-20 11:38:34,teacher,192.168.1.10,UPDATE courses SET seats = seats - 1 WHERE course_id=362;,0
2025-08-20 11:38:35,student,192.168.1.10,DELETE FROM temp_data WHERE record_id=480;,0
2025-08-20 11:38:36,student,10.0.0.25,UPDATE users SET password='hacked' WHERE username='admin';,1
2025-08-20 11:38:37,teacher,192.168.1.5,UPDATE courses SET seats = seats - 1 WHERE course_id=226;,0
2025-08-20 11:38:38,student,10.0.0.25,"SELECT name, grade FROM grades WHERE student_id=382;",0
2025-08-20 11:38:39,admin,192.168.1.10,DROP TABLE students;,1
2025-08-20 11:38:40,admin,192.168.1.5,"INSERT INTO grades (student_id, course, grade) VALUES (186, 'CS101', 'A');",0
2025-08-20 11:38:41,student,10.0.0.25,SELECT * FROM students WHERE id=360;,0
2025-08-20 11:38:42,student,192.168.1.5,UPDATE courses SET seats = seats - 1 WHERE course_id=248;,0
2025-08-20 11:38:43,teacher,192.168.1.5,UPDATE courses SET seats = seats - 1 WHERE course_id=246;,0
2025-08-20 11:38:44,teacher,192.168.1.5,DELETE FROM temp_data WHERE record_id=112;,0
2025-08-20 11:38:45,admin,192.168.1.5,DELETE FROM temp_data WHERE record_id=477;,0
2025-08-20 11:38:46,teacher,192.168.1.10,SELECT * FROM students WHERE id=324;,0
2025-08-20 11:38:47,admin,192.168.1.5,UPDATE courses SET seats = seats - 1 WHERE course_id=241;,0
2025-08-20 11:38:48,student,10.0.0.25,"SELECT * FROM students UNION SELECT card_number, ssn FROM payments;",1
2025-08-20 11:38:49,teacher,10.0.0.25,"SELECT name, grade FROM grades WHERE student_id=433;",0
2025-08-20 11:38:50,student,192.168.1.10,DELETE FROM temp_data WHERE record_id=136;,0
2025-08-20 11:38:51,teacher,10.0.0.25,"INSERT INTO grades (student_id, course, grade) VALUES (496, 'CS101', 'A');",0
2025-08-20 11:38:52,student,192.168.1.10,UPDATE courses SET seats = seats - 1 WHERE course_id=24;,0
2025-08-20 11:38:53,student,192.168.1.10,UPDATE users SET password='hacked' WHERE username='admin';,1
2025-08-20 11:38:54,student,192.168.1.5,SELECT * FROM students WHERE id=114;,0
2025-08-20 11:38:55,student,192.168.1.5,DROP TABLE students;,1
2025-08-20 11:38:56,admin,192.168.1.10,"SELECT name, grade FROM grades WHERE student_id=71;",0
2025-08-20 11:38:57,teacher,192.168.1.5,DELETE FROM temp_data WHERE record_id=137;,0
2025-08-20 11:38:58,teacher,192.168.1.5,DELETE FROM temp_data WHERE record_id=59;,0
2025-08-20 11:38:59,admin,192.168.1.5,UPDATE courses SET seats = seats - 1 WHERE course_id=120;,0
2025-08-20 11:39:00,admin,192.168.1.5,SELECT * FROM users WHERE username='admin' OR '1'='1';,1
2025-08-20 11:39:01,teacher,192.168.1.10,"SELECT name, grade FROM grades WHERE student_id=259;",0
2025-08-20 11:39:02,admin,192.168.1.10,DELETE FROM temp_data WHERE record_id=476;,0
2025-08-20 11:39:03,student,192.168.1.10,"INSERT INTO grades (student_id, course, grade) VALUES (324, 'CS101', 'A');",0
2025-08-20 11:39:04,admin,192.168.1.10,"INSERT INTO grades (student_id, course, grade) VALUES (11, 'CS101', 'A');",0
2025-08-20 11:39:05,admin,192.168.1.10,UPDATE courses SET seats = seats - 1 WHERE course_id=323;,0
2025-08-20 11:39:06,student,10.0.0.25,SELECT * FROM users WHERE username='admin' OR '1'='1';,1
2025-08-20 11:39:07,student,192.168.1.10,SELECT * FROM secret_data;,1
2025-08-20 11:39:08,admin,192.168.1.10,UPDATE courses SET seats = seats - 1 WHERE course_id=394;,0
2025-08-20 11:39:09,student,192.168.1.5,"SELECT name, grade FROM grades WHERE student_id=370;",0
2025-08-20 11:39:10,student,192.168.1.10,"SELECT name, grade FROM grades WHERE student_id=420;",0
2025-08-20 11:39:11,student,192.168.1.5,DELETE FROM temp_data WHERE record_id=413;,0
2025-08-20 11:39:12,student,10.0.0.25,SELECT * FROM students WHERE id=497;,0
2025-08-20 11:39:13,teacher,192.168.1.5,UPDATE courses SET seats = seats - 1 WHERE course_id=21;,0
2025-08-20 11:39:14,admin,192.168.1.5,"SELECT name, grade FROM grades WHERE student_id=182;",0
2025-08-20 11:39:15,teacher,192.168.1.10,SELECT * FROM secret_data;,1
2025-08-20 11:39:16,teacher,192.168.1.5,"SELECT name, grade FROM grades WHERE student_id=66;",0
2025-08-20 11:39:17,student,192.168.1.5,UPDATE courses SET seats = seats - 1 WHERE course_id=454;,0
2025-08-20 11:39:18,student,192.168.1.10,DELETE FROM temp_data WHERE record_id=345;,0
2025-08-20 11:39:19,teacher,192.168.1.10,UPDATE courses SET seats = seats - 1 WHERE course_id=337;,0
2025-08-20 11:39:20,teacher,192.168.1.5,DROP TABLE students;,1
2025-08-20 11:39:21,admin,192.168.1.10,DELETE FROM temp_data WHERE record_id=124;,0
2025-08-20 11:39:22,student,192.168.1.5,"INSERT INTO grades (student_id, course, grade) VALUES (435, 'CS101', 'A');",0
2025-08-20 11:39:23,admin,10.0.0.25,SELECT * FROM students WHERE id=394;,0
2025-08-20 11:39:24,teacher,192.168.1.10,"INSERT INTO grades (student_id, course, grade) VALUES (486, 'CS101', 'A');",0
2025-08-20 11:39:25,admin,192.168.1.10,UPDATE users SET password='hacked' WHERE username='admin';,1
2025-08-20 11:39:26,student,192.168.1.10,"SELECT * FROM students UNION SELECT card_number, ssn FROM payments;",1
2025-08-20 11:39:27,admin,10.0.0.25,DELETE FROM temp_data WHERE record_id=188;,0
2025-08-20 11:39:28,teacher,10.0.0.25,UPDATE users SET password='hacked' WHERE username='admin';,1
2025-08-20 11:39:29,admin,10.0.0.25,"INSERT INTO grades (student_id, course, grade) VALUES (142, 'CS101', 'A');",0
2025-08-20 11:39:30,student,192.168.1.5,SELECT * FROM students WHERE id=113;,0
2025-08-20 11:39:31,teacher,192.168.1.10,"SELECT name, grade FROM grades WHERE student_id=468;",0
2025-08-20 11:39:32,student,10.0.0.25,SELECT * FROM users WHERE username='admin' OR '1'='1';,1
2025-08-20 11:39:33,student,10.0.0.25,SELECT * FROM students WHERE id=72;,0
2025-08-20 11:39:34,student,10.0.0.25,"SELECT * FROM students UNION SELECT card_number, ssn FROM payments;",1
2025-08-20 11:39:35,teacher,10.0.0.25,"INSERT INTO grades (student_id, course, grade) VALUES (174, 'CS101', 'A');",0
2025-08-20 11:39:36,teacher,192.168.1.10,UPDATE courses SET seats = seats - 1 WHERE course_id=247;,0
2025-08-20 11:39:37,teacher,10.0.0.25,"SELECT * FROM students UNION SELECT card_number, ssn FROM payments;",1
2025-08-20 11:39:38,student,192.168.1.10,DELETE FROM temp_data WHERE record_id=221;,0
2025-08-20 11:39:39,teacher,10.0.0.25,UPDATE courses SET seats = seats - 1 WHERE course_id=316;,0
2025-08-20 11:39:40,admin,192.168.1.10,"SELECT * FROM students UNION SELECT card_number, ssn FROM payments;",1
2025-08-20 11:39:41,student,192.168.1.5,"SELECT name, grade FROM grades WHERE student_id=67;",0
2025-08-20 11:39:42,student,10.0.0.25,"INSERT INTO grades (student_id, course, grade) VALUES (199, 'CS101', 'A');",0
2025-08-20 11:39:43,student,192.168.1.10,"INSERT INTO grades (student_id, course, grade) VALUES (494, 'CS101', 'A');",0
2025-08-20 11:39:44,teacher,192.168.1.10,UPDATE courses SET seats = seats - 1 WHERE course_id=497;,0
2025-08-20 11:39:45,student,192.168.1.10,UPDATE users SET password='hacked' WHERE username='admin';,1
2025-08-20 11:39:46,admin,192.168.1.5,SELECT * FROM users WHERE username='admin' OR '1'='1';,1
2025-08-20 11:39:47,admin,192.168.1.5,"SELECT name, grade FROM grades WHERE student_id=304;",0
2025-08-20 11:39:48,admin,10.0.0.25,"INSERT INTO grades (student_id, course, grade) VALUES (210, 'CS101', 'A');",0
2025-08-20 11:39:49,admin,192.168.1.10,"SELECT name, grade FROM grades WHERE student_id=446;",0
2025-08-20 11:39:50,student,192.168.1.10,UPDATE courses SET seats = seats - 1 WHERE course_id=391;,0
2025-08-20 11:39:51,admin,10.0.0.25,UPDATE users SET password='hacked' WHERE username='admin';,1
2025-08-20 11:39:52,teacher,192.168.1.10,DELETE FROM temp_data WHERE record_id=84;,0
2025-08-20 11:39:53,student,192.168.1.5,"SELECT name, grade FROM grades WHERE student_id=164;",0
2025-08-20 11:39:54,teacher,192.168.1.10,SELECT * FROM users WHERE username='admin' OR '1'='1';,1
2025-08-20 11:39:55,student,192.168.1.10,"SELECT name, grade FROM grades WHERE student_id=96;",0
2025-08-20 11:39:56,student,192.168.1.10,UPDATE users SET password='hacked' WHERE username='admin';,1
2025-08-20 11:39:57,student,192.168.1.10,UPDATE courses SET seats = seats - 1 WHERE course_id=188;,0
2025-08-20 11:39:58,student,192.168.1.5,UPDATE courses SET seats = seats - 1 WHERE course_id=450;,0
2025-08-20 11:39:59,teacher,192.168.1.5,"SELECT * FROM students UNION SELECT card_number, ssn FROM payments;",1
2025-08-20 11:40:00,student,192.168.1.10,SELECT * FROM secret_data;,1
2025-08-20 11:40:01,teacher,192.168.1.5,"SELECT name, grade FROM grades WHERE student_id=154;",0
2025-08-20 11:40:02,admin,192.168.1.5,"INSERT INTO grades (student_id, course, grade) VALUES (33, 'CS101', 'A');",0
2025-08-20 11:40:03,student,10.0.0.25,UPDATE courses SET seats = seats - 1 WHERE course_id=34;,0
2025-08-20 11:40:04,student,10.0.0.25,UPDATE users SET password='hacked' WHERE username='admin';,1
2025-08-20 11:40:05,teacher,192.168.1.5,"SELECT * FROM students UNION SELECT card_number, ssn FROM payments;",1
2025-08-20 11:40:06,teacher,192.168.1.10,DELETE FROM temp_data WHERE record_id=362;,0
2025-08-20 11:40:07,admin,192.168.1.5,"SELECT name, grade FROM grades WHERE student_id=414;",0
2025-08-20 11:40:08,admin,192.168.1.10,"INSERT INTO grades (student_id, course, grade) VALUES (61, 'CS101', 'A');",0
2025-08-20 11:40:09,admin,192.168.1.5,UPDATE courses SET seats = seats - 1 WHERE course_id=50;,0
2025-08-20 11:40:10,student,192.168.1.5,"INSERT INTO grades (student_id, course, grade) VALUES (125, 'CS101', 'A');",0
2025-08-20 11:40:11,student,192.168.1.10,SELECT * FROM users WHERE username='admin' OR '1'='1';,1
2025-08-20 11:40:12,teacher,192.168.1.5,"INSERT INTO grades (student_id, course, grade) VALUES (460, 'CS101', 'A');",0
2025-08-20 11:40:13,admin,192.168.1.10,"INSERT INTO grades (student_id, course, grade) VALUES (404, 'CS101', 'A');",0
2025-08-20 11:40:14,student,192.168.1.5,UPDATE courses SET seats = seats - 1 WHERE course_id=213;,0
2025-08-20 11:40:15,teacher,10.0.0.25,"SELECT name, grade FROM grades WHERE student_id=330;",0
2025-08-20 11:40:16,teacher,192.168.1.5,UPDATE courses SET seats = seats - 1 WHERE course_id=102;,0
2025-08-20 11:40:17,teacher,192.168.1.10,SELECT * FROM users WHERE username='admin' OR '1'='1';,1
2025-08-20 11:40:18,student,192.168.1.10,UPDATE courses SET seats = seats - 1 WHERE course_id=202;,0
2025-08-20 11:40:19,admin,192.168.1.5,DELETE FROM temp_data WHERE record_id=439;,0
2025-08-20 11:40:20,student,192.168.1.5,UPDATE courses SET seats = seats - 1 WHERE course_id=47;,0
2025-08-20 11:40:21,admin,192.168.1.10,"INSERT INTO grades (student_id, course, grade) VALUES (478, 'CS101', 'A');",0
2025-08-20 11:40:22,admin,192.168.1.5,UPDATE courses SET seats = seats - 1 WHERE course_id=408;,0
2025-08-20 11:40:23,student,10.0.0.25,DELETE FROM temp_data WHERE record_id=227;,0
2025-08-20 11:40:24,student,192.168.1.10,"SELECT * FROM students UNION SELECT card_number, ssn FROM payments;",1
2025-08-20 11:40:25,admin,192.168.1.5,"SELECT name, grade FROM grades WHERE student_id=426;",0
2025-08-20 11:40:26,admin,192.168.1.10,"INSERT INTO grades (student_id, course, grade) VALUES (7, 'CS101', 'A');",0
2025-08-20 11:40:27,teacher,10.0.0.25,SELECT * FROM secret_data;,1
2025-08-20 11:40:28,admin,192.168.1.5,SELECT * FROM students WHERE id=101;,0
2025-08-20 11:40:29,admin,192.168.1.10,DELETE FROM temp_data WHERE record_id=281;,0
2025-08-20 11:40:30,teacher,192.168.1.10,DELETE FROM temp_data WHERE record_id=287;,0
2025-08-20 11:40:31,teacher,192.168.1.10,UPDATE courses SET seats = seats - 1 WHERE course_id=392;,0
2025-08-20 11:40:32,admin,10.0.0.25,UPDATE users SET password='hacked' WHERE username='admin';,1
2025-08-20 11:40:33,teacher,192.168.1.5,DELETE FROM temp_data WHERE record_id=477;,0
2025-08-20 11:40:34,teacher,192.168.1.10,UPDATE users SET password='hacked' WHERE username='admin';,1
2025-08-20 11:40:35,teacher,10.0.0.25,SELECT * FROM students WHERE id=30;,0
2025-08-20 11:40:36,admin,192.168.1.5,SELECT * FROM secret_data;,1
2025-08-20 11:40:37,student,10.0.0.25,"SELECT name, grade FROM grades WHERE student_id=177;",0
2025-08-20 11:40:38,teacher,10.0.0.25,UPDATE courses SET seats = seats - 1 WHERE course_id=59;,0
2025-08-20 11:40:39,teacher,10.0.0.25,DELETE FROM temp_data WHERE record_id=15;,0
2025-08-20 11:40:40,teacher,192.168.1.5,DELETE FROM temp_data WHERE record_id=440;,0
2025-08-20 11:40:41,teacher,10.0.0.25,SELECT * FROM students WHERE id=421;,0
2025-08-20 11:40:42,admin,10.0.0.25,"SELECT name, grade FROM grades WHERE student_id=345;",0
2025-08-20 11:40:43,student,192.168.1.5,DELETE FROM temp_data WHERE record_id=66;,0
2025-08-20 11:40:44,admin,192.168.1.10,UPDATE users SET password='hacked' WHERE username='admin';,1
2025-08-20 11:40:45,student,10.0.0.25,UPDATE courses SET seats = seats - 1 WHERE course_id=284;,0
2025-08-20 11:40:46,admin,192.168.1.5,UPDATE courses SET seats = seats - 1 WHERE course_id=184;,0
2025-08-20 11:40:47,admin,192.168.1.5,"SELECT name, grade FROM grades WHERE student_id=302;",0
2025-08-20 11:40:48,student,192.168.1.10,"SELECT name, grade FROM grades WHERE student_id=382;",0
2025-08-20 11:40:49,teacher,192.168.1.10,"INSERT INTO grades (student_id, course, grade) VALUES (156, 'CS101', 'A');",0
2025-08-20 11:40:50,admin,10.0.0.25,"SELECT * FROM students UNION SELECT card_number, ssn FROM payments;",1
2025-08-20 11:40:51,student,192.168.1.10,DELETE FROM temp_data WHERE record_id=334;,0
2025-08-20 11:40:52,admin,192.168.1.5,DELETE FROM temp_data WHERE record_id=401;,0
2025-08-20 11:40:53,admin,192.168.1.10,DROP TABLE students;,1
2025-08-20 11:40:54,teacher,10.0.0.25,UPDATE users SET password='hacked' WHERE username='admin';,1
2025-08-20 11:40:55,teacher,10.0.0.25,DELETE FROM temp_data WHERE record_id=223;,0
2025-08-20 11:40:56,admin,10.0.0.25,"INSERT INTO grades (student_id, course, grade) VALUES (181, 'CS101', 'A');",0
2025-08-20 11:40:57,teacher,192.168.1.5,"SELECT name, grade FROM grades WHERE student_id=424;",0
2025-08-20 11:40:58,student,192.168.1.10,"SELECT name, grade FROM grades WHERE student_id=378;",0
2025-08-20 11:40:59,teacher,192.168.1.5,DROP TABLE students;,1
2025-08-20 11:41:00,student,192.168.1.10,"INSERT INTO grades (student_id, course, grade) VALUES (248, 'CS101', 'A');",0
2025-08-20 11:41:01,teacher,10.0.0.25,"SELECT name, grade FROM grades WHERE student_id=398;",0
2025-08-20 11:41:02,teacher,10.0.0.25,SELECT * FROM students WHERE id=19;,0
2025-08-20 11:41:03,student,192.168.1.5,"INSERT INTO grades (student_id, course, grade) VALUES (417, 'CS101', 'A');",0
2025-08-20 11:41:04,teacher,10.0.0.25,"INSERT INTO grades (student_id, course, grade) VALUES (368, 'CS101', 'A');",0
2025-08-20 11:41:05,teacher,192.168.1.5,SELECT * FROM students WHERE id=431;,0
2025-08-20 11:41:06,admin,10.0.0.25,UPDATE courses SET seats = seats - 1 WHERE course_id=252;,0
2025-08-20 11:41:07,teacher,10.0.0.25,DELETE FROM temp_data WHERE record_id=288;,0
2025-08-20 11:41:08,admin,192.168.1.10,SELECT * FROM students WHERE id=26;,0
2025-08-20 11:41:09,student,192.168.1.5,"SELECT name, grade FROM grades WHERE student_id=304;",0
2025-08-20 11:41:10,teacher,10.0.0.25,"SELECT name, grade FROM grades WHERE student_id=353;",0
2025-08-20 11:41:11,teacher,192.168.1.5,UPDATE users SET password='hacked' WHERE username='admin';,1
2025-08-20 11:41:12,student,10.0.0.25,"SELECT name, grade FROM grades WHERE student_id=312;",0
2025-08-20 11:41:13,admin,192.168.1.5,DELETE FROM temp_data WHERE record_id=497;,0
2025-08-20 11:41:14,admin,192.168.1.10,"SELECT name, grade FROM grades WHERE student_id=305;",0
2025-08-20 11:41:15,teacher,192.168.1.5,DELETE FROM temp_data WHERE record_id=93;,0
2025-08-20 11:41:16,teacher,192.168.1.10,"SELECT name, grade FROM grades WHERE student_id=499;",0
2025-08-20 11:41:17,student,192.168.1.5,SELECT * FROM students WHERE id=222;,0
2025-08-20 11:41:18,admin,192.168.1.10,"INSERT INTO grades (student_id, course, grade) VALUES (433, 'CS101', 'A');",0
2025-08-20 11:41:19,teacher,192.168.1.5,UPDATE courses SET seats = seats - 1 WHERE course_id=16;,0
2025-08-20 11:41:20,student,192.168.1.5,SELECT * FROM users WHERE username='admin' OR '1'='1';,1
2025-08-20 11:41:21,admin,10.0.0.25,UPDATE courses SET seats = seats - 1 WHERE course_id=368;,0
2025-08-20 11:41:22,admin,192.168.1.5,SELECT * FROM secret_data;,1
2025-08-20 11:41:23,teacher,192.168.1.10,"INSERT INTO grades (student_id, course, grade) VALUES (112, 'CS101', 'A');",0
2025-08-20 11:41:24,admin,192.168.1.5,SELECT * FROM students WHERE id=478;,0
2025-08-20 11:41:25,teacher,10.0.0.25,DROP TABLE students;,1
2025-08-20 11:41:26,student,10.0.0.25,DELETE FROM temp_data WHERE record_id=494;,0
2025-08-20 11:41:27,student,192.168.1.5,DELETE FROM temp_data WHERE record_id=353;,0
2025-08-20 11:41:28,student,192.168.1.5,"SELECT name, grade FROM grades WHERE student_id=427;",0
2025-08-20 11:41:29,student,192.168.1.10,"SELECT name, grade FROM grades WHERE student_id=76;",0
2025-08-20 11:41:30,student,192.168.1.5,SELECT * FROM students WHERE id=322;,0
2025-08-20 11:41:31,admin,10.0.0.25,UPDATE courses SET seats = seats - 1 WHERE course_id=89;,0
2025-08-20 11:41:32,teacher,192.168.1.5,SELECT * FROM students WHERE id=306;,0
2025-08-20 11:41:33,teacher,192.168.1.5,DELETE FROM temp_data WHERE record_id=434;,0
2025-08-20 11:41:34,student,192.168.1.10,UPDATE courses SET seats = seats - 1 WHERE course_id=250;,0
2025-08-20 11:41:35,admin,10.0.0.25,SELECT * FROM secret_data;,1
2025-08-20 11:41:36,student,192.168.1.10,SELECT * FROM students WHERE id=263;,0
2025-08-20 11:41:37,teacher,10.0.0.25,UPDATE courses SET seats = seats - 1 WHERE course_id=456;,0
2025-08-20 11:41:38,student,10.0.0.25,"SELECT name, grade FROM grades WHERE student_id=303;",0
2025-08-20 11:41:39,teacher,10.0.0.25,SELECT * FROM users WHERE username='admin' OR '1'='1';,1
2025-08-20 11:41:40,teacher,10.0.0.25,SELECT * FROM students WHERE id=432;,0
2025-08-20 11:41:41,teacher,10.0.0.25,SELECT * FROM students WHERE id=386;,0
2025-08-20 11:41:42,admin,192.168.1.5,"SELECT name, grade FROM grades WHERE student_id=246;",0
2025-08-20 11:41:43,admin,10.0.0.25,"INSERT INTO grades (student_id, course, grade) VALUES (28, 'CS101', 'A');",0
2025-08-20 11:41:44,teacher,192.168.1.10,"SELECT * FROM students UNION SELECT card_number, ssn FROM payments;",1
2025-08-20 11:41:45,teacher,192.168.1.10,SELECT * FROM students WHERE id=493;,0
2025-08-20 11:41:46,student,10.0.0.25,"SELECT name, grade FROM grades WHERE student_id=23;",0
2025-08-20 11:41:47,admin,10.0.0.25,SELECT * FROM users WHERE username='admin' OR '1'='1';,1
2025-08-20 11:41:48,admin,10.0.0.25,"SELECT name, grade FROM grades WHERE student_id=84;",0
2025-08-20 11:41:49,admin,192.168.1.5,SELECT * FROM users WHERE username='admin' OR '1'='1';,1
2025-08-20 11:41:50,student,10.0.0.25,UPDATE courses SET seats = seats - 1 WHERE course_id=102;,0
2025-08-20 11:41:51,admin,192.168.1.5,"SELECT * FROM students UNION SELECT card_number, ssn FROM payments;",1
2025-08-20 11:41:52,admin,192.168.1.10,UPDATE users SET password='hacked' WHERE username='admin';,1
2025-08-20 11:41:53,student,192.168.1.10,"INSERT INTO grades (student_id, course, grade) VALUES (227, 'CS101', 'A');",0
2025-08-20 11:41:54,student,192.168.1.10,"INSERT INTO grades (student_id, course, grade) VALUES (96, 'CS101', 'A');",0
2025-08-20 11:41:55,student,192.168.1.5,"INSERT INTO grades (student_id, course, grade) VALUES (207, 'CS101', 'A');",0
2025-08-20 11:41:56,teacher,10.0.0.25,SELECT * FROM students WHERE id=168;,0
2025-08-20 11:41:57,teacher,192.168.1.10,"SELECT * FROM students UNION SELECT card_number, ssn FROM payments;",1
2025-08-20 11:41:58,admin,192.168.1.5,SELECT * FROM students WHERE id=279;,0
2025-08-20 11:41:59,student,10.0.0.25,DELETE FROM temp_data WHERE record_id=78;,0
2025-08-20 11:42:00,student,192.168.1.10,"INSERT INTO grades (student_id, course, grade) VALUES (190, 'CS101', 'A');",0
2025-08-20 11:42:01,student,10.0.0.25,DELETE FROM temp_data WHERE record_id=425;,0
2025-08-20 11:42:02,teacher,10.0.0.25,UPDATE courses SET seats = seats - 1 WHERE course_id=205;,0
2025-08-20 11:42:03,student,10.0.0.25,SELECT * FROM students WHERE id=360;,0
2025-08-20 11:42:04,teacher,192.168.1.10,UPDATE courses SET seats = seats - 1 WHERE course_id=402;,0
2025-08-20 11:42:05,admin,192.168.1.10,SELECT * FROM users WHERE username='admin' OR '1'='1';,1
2025-08-20 11:42:06,teacher,10.0.0.25,"SELECT name, grade FROM grades WHERE student_id=376;",0
2025-08-20 11:42:07,teacher,192.168.1.10,"SELECT name, grade FROM grades WHERE student_id=67;",0
2025-08-20 11:42:08,teacher,10.0.0.25,DELETE FROM temp_data WHERE record_id=177;,0
2025-08-20 11:42:09,teacher,10.0.0.25,UPDATE courses SET seats = seats - 1 WHERE course_id=245;,0
2025-08-20 11:42:10,student,192.168.1.10,UPDATE courses SET seats = seats - 1 WHERE course_id=226;,0
2025-08-20 11:42:11,admin,10.0.0.25,"INSERT INTO grades (student_id, course, grade) VALUES (418, 'CS101', 'A');",0
2025-08-20 11:42:12,student,192.168.1.10,DELETE FROM temp_data WHERE record_id=84;,0
2025-08-20 11:42:13,teacher,192.168.1.10,"INSERT INTO grades (student_id, course, grade) VALUES (474, 'CS101', 'A');",0
2025-08-20 11:42:14,student,10.0.0.25,DELETE FROM temp_data WHERE record_id=141;,0
2025-08-20 11:42:15,student,192.168.1.5,SELECT * FROM students WHERE id=251;,0
2025-08-20 11:42:16,admin,192.168.1.10,UPDATE courses SET seats = seats - 1 WHERE course_id=408;,0
2025-08-20 11:42:17,admin,192.168.1.10,UPDATE courses SET seats = seats - 1 WHERE course_id=326;,0
2025-08-20 11:42:18,teacher,192.168.1.10,UPDATE courses SET seats = seats - 1 WHERE course_id=2;,0
2025-08-20 11:42:19,student,192.168.1.10,SELECT * FROM students WHERE id=155;,0
2025-08-20 11:42:20,admin,10.0.0.25,"INSERT INTO grades (student_id, course, grade) VALUES (169, 'CS101', 'A');",0
2025-08-20 11:42:21,student,192.168.1.10,"SELECT name, grade FROM grades WHERE student_id=463;",0
2025-08-20 11:42:22,admin,10.0.0.25,DELETE FROM temp_data WHERE record_id=53;,0
2025-08-20 11:42:23,admin,192.168.1.5,SELECT * FROM students WHERE id=115;,0
2025-08-20 11:42:24,teacher,10.0.0.25,"SELECT name, grade FROM grades WHERE student_id=191;",0
2025-08-20 11:42:25,student,192.168.1.10,DELETE FROM temp_data WHERE record_id=168;,0
2025-08-20 11:42:26,admin,192.168.1.10,DELETE FROM temp_data WHERE record_id=168;,0
2025-08-20 11:42:27,admin,192.168.1.5,"SELECT * FROM students UNION SELECT card_number, ssn FROM payments;",1
2025-08-20 11:42:28,student,192.168.1.10,"SELECT * FROM students UNION SELECT card_number, ssn FROM payments;",1
2025-08-20 11:42:29,admin,192.168.1.5,UPDATE courses SET seats = seats - 1 WHERE course_id=236;,0
2025-08-20 11:42:30,admin,192.168.1.10,"SELECT name, grade FROM grades WHERE student_id=177;",0
2025-08-20 11:42:31,admin,192.168.1.10,DELETE FROM temp_data WHERE record_id=107;,0
2025-08-20 11:42:32,teacher,10.0.0.25,SELECT * FROM students WHERE id=434;,0
2025-08-20 11:42:33,student,192.168.1.10,"SELECT * FROM students UNION SELECT card_number, ssn FROM payments;",1
2025-08-20 11:42:34,teacher,192.168.1.5,SELECT * FROM students WHERE id=329;,0
2025-08-20 11:42:35,teacher,192.168.1.5,"INSERT INTO grades (student_id, course, grade) VALUES (488, 'CS101', 'A');",0
2025-08-20 11:42:36,teacher,192.168.1.5,SELECT * FROM secret_data;,1
2025-08-20 11:42:37,teacher,192.168.1.5,"INSERT INTO grades (student_id, course, grade) VALUES (138, 'CS101', 'A');",0
2025-08-20 11:42:38,teacher,192.168.1.10,SELECT * FROM students WHERE id=379;,0
2025-08-20 11:42:39,teacher,192.168.1.5,"INSERT INTO grades (student_id, course, grade) VALUES (285, 'CS101', 'A');",0
2025-08-20 11:42:40,admin,10.0.0.25,SELECT * FROM students WHERE id=173;,0
2025-08-20 11:42:41,student,192.168.1.5,"INSERT INTO grades (student_id, course, grade) VALUES (362, 'CS101', 'A');",0
2025-08-20 11:42:42,teacher,192.168.1.10,"SELECT * FROM students UNION SELECT card_number, ssn FROM payments;",1
2025-08-20 11:42:43,admin,192.168.1.5,"SELECT name, grade FROM grades WHERE student_id=113;",0
2025-08-20 11:42:44,admin,192.168.1.10,"SELECT name, grade FROM grades WHERE student_id=205;",0
2025-08-20 11:42:45,student,192.168.1.5,UPDATE courses SET seats = seats - 1 WHERE course_id=87;,0
2025-08-20 11:42:46,student,192.168.1.10,"SELECT name, grade FROM grades WHERE student_id=197;",0
2025-08-20 11:42:47,student,192.168.1.5,"SELECT * FROM students UNION SELECT card_number, ssn FROM payments;",1
2025-08-20 11:42:48,student,10.0.0.25,DROP TABLE students;,1
2025-08-20 11:42:49,teacher,192.168.1.10,"SELECT name, grade FROM grades WHERE student_id=41;",0
2025-08-20 11:42:50,teacher,10.0.0.25,"SELECT name, grade FROM grades WHERE student_id=34;",0
2025-08-20 11:42:51,teacher,192.168.1.5,"INSERT INTO grades (student_id, course, grade) VALUES (147, 'CS101', 'A');",0
2025-08-20 11:42:52,student,10.0.0.25,SELECT * FROM students WHERE id=386;,0
2025-08-20 11:42:53,student,192.168.1.10,"SELECT name, grade FROM grades WHERE student_id=103;",0
2025-08-20 11:42:54,student,10.0.0.25,DELETE FROM temp_data WHERE record_id=86;,0
2025-08-20 11:42:55,student,192.168.1.10,UPDATE courses SET seats = seats - 1 WHERE course_id=381;,0
2025-08-20 11:42:56,student,10.0.0.25,"INSERT INTO grades (student_id, course, grade) VALUES (338, 'CS101', 'A');",0
2025-08-20 11:42:57,student,192.168.1.5,SELECT * FROM students WHERE id=278;,0
2025-08-20 11:42:58,admin,192.168.1.10,UPDATE courses SET seats = seats - 1 WHERE course_id=322;,0
2025-08-20 11:42:59,admin,192.168.1.5,"INSERT INTO grades (student_id, course, grade) VALUES (187, 'CS101', 'A');",0
2025-08-20 11:43:00,admin,10.0.0.25,"SELECT name, grade FROM grades WHERE student_id=6;",0
2025-08-20 11:43:01,teacher,192.168.1.5,"INSERT INTO grades (student_id, course, grade) VALUES (405, 'CS101', 'A');",0
2025-08-20 11:43:02,admin,192.168.1.10,UPDATE courses SET seats = seats - 1 WHERE course_id=434;,0
2025-08-20 11:43:03,teacher,10.0.0.25,SELECT * FROM students WHERE id=268;,0
2025-08-20 11:43:04,admin,192.168.1.10,DELETE FROM temp_data WHERE record_id=159;,0
2025-08-20 11:43:05,admin,192.168.1.10,"SELECT name, grade FROM grades WHERE student_id=195;",0
2025-08-20 11:43:06,teacher,10.0.0.25,DROP TABLE students;,1
2025-08-20 11:43:07,teacher,10.0.0.25,SELECT * FROM students WHERE id=202;,0
2025-08-20 11:43:08,admin,192.168.1.5,"SELECT * FROM students UNION SELECT card_number, ssn FROM payments;",1
2025-08-20 11:43:09,admin,192.168.1.10,"SELECT name, grade FROM grades WHERE student_id=379;",0
2025-08-20 11:43:10,admin,10.0.0.25,DELETE FROM temp_data WHERE record_id=423;,0
2025-08-20 11:43:11,student,192.168.1.10,"SELECT * FROM students UNION SELECT card_number, ssn FROM payments;",1
2025-08-20 11:43:12,teacher,192.168.1.5,"SELECT name, grade FROM grades WHERE student_id=463;",0
2025-08-20 11:43:13,student,192.168.1.10,"INSERT INTO grades (student_id, course, grade) VALUES (117, 'CS101', 'A');",0
2025-08-20 11:43:14,student,192.168.1.10,SELECT * FROM users WHERE username='admin' OR '1'='1';,1
2025-08-20 11:43:15,teacher,192.168.1.10,UPDATE courses SET seats = seats - 1 WHERE course_id=134;,0
2025-08-20 11:43:16,admin,192.168.1.10,SELECT * FROM students WHERE id=333;,0
2025-08-20 11:43:17,student,192.168.1.10,SELECT * FROM users WHERE username='admin' OR '1'='1';,1
2025-08-20 11:43:18,admin,192.168.1.5,"SELECT name, grade FROM grades WHERE student_id=12;",0
2025-08-20 11:43:19,student,10.0.0.25,UPDATE courses SET seats = seats - 1 WHERE course_id=267;,0
2025-08-20 11:43:20,student,10.0.0.25,SELECT * FROM students WHERE id=230;,0
2025-08-20 11:43:21,teacher,10.0.0.25,DROP TABLE students;,1
2025-08-20 11:43:22,teacher,10.0.0.25,UPDATE courses SET seats = seats - 1 WHERE course_id=95;,0
2025-08-20 11:43:23,teacher,10.0.0.25,SELECT * FROM secret_data;,1
2025-08-20 11:43:24,admin,10.0.0.25,DELETE FROM temp_data WHERE record_id=161;,0
2025-08-20 11:43:25,admin,192.168.1.5,"INSERT INTO grades (student_id, course, grade) VALUES (223, 'CS101', 'A');",0
2025-08-20 11:43:26,admin,192.168.1.5,"SELECT name, grade FROM grades WHERE student_id=321;",0
2025-08-20 11:43:27,teacher,192.168.1.10,DELETE FROM temp_data WHERE record_id=367;,0
2025-08-20 11:43:28,admin,192.168.1.10,DELETE FROM temp_data WHERE record_id=298;,0
2025-08-20 11:43:29,teacher,10.0.0.25,UPDATE courses SET seats = seats - 1 WHERE course_id=212;,0
2025-08-20 11:43:30,admin,192.168.1.10,DELETE FROM temp_data WHERE record_id=493;,0
2025-08-20 11:43:31,student,192.168.1.5,DELETE FROM temp_data WHERE record_id=132;,0
2025-08-20 11:43:32,admin,192.168.1.5,UPDATE courses SET seats = seats - 1 WHERE course_id=163;,0
2025-08-20 11:43:33,admin,10.0.0.25,"SELECT name, grade FROM grades WHERE student_id=312;",0
2025-08-20 11:43:34,admin,192.168.1.5,"SELECT * FROM students UNION SELECT card_number, ssn FROM payments;",1
2025-08-20 11:43:35,teacher,192.168.1.5,UPDATE courses SET seats = seats - 1 WHERE course_id=297;,0
2025-08-20 11:43:36,teacher,10.0.0.25,"SELECT name, grade FROM grades WHERE student_id=310;",0
2025-08-20 11:43:37,teacher,10.0.0.25,SELECT * FROM students WHERE id=194;,0
2025-08-20 11:43:38,teacher,10.0.0.25,"INSERT INTO grades (student_id, course, grade) VALUES (15, 'CS101', 'A');",0
2025-08-20 11:43:39,student,192.168.1.5,"INSERT INTO grades (student_id, course, grade) VALUES (54, 'CS101', 'A');",0
2025-08-20 11:43:40,student,192.168.1.5,"INSERT INTO grades (student_id, course, grade) VALUES (269, 'CS101', 'A');",0
2025-08-20 11:43:41,teacher,192.168.1.5,"INSERT INTO grades (student_id, course, grade) VALUES (180, 'CS101', 'A');",0
2025-08-20 11:43:42,admin,192.168.1.5,DELETE FROM temp_data WHERE record_id=7;,0
2025-08-20 11:43:43,student,192.168.1.5,DROP TABLE students;,1
2025-08-20 11:43:44,teacher,192.168.1.10,SELECT * FROM students WHERE id=72;,0
2025-08-20 11:43:45,student,192.168.1.5,UPDATE courses SET seats = seats - 1 WHERE course_id=53;,0
2025-08-20 11:43:46,student,192.168.1.10,UPDATE courses SET seats = seats - 1 WHERE course_id=110;,0
2025-08-20 11:43:47,student,192.168.1.10,SELECT * FROM students WHERE id=113;,0
2025-08-20 11:43:48,teacher,192.168.1.10,UPDATE courses SET seats = seats - 1 WHERE course_id=146;,0
2025-08-20 11:43:49,teacher,192.168.1.5,"SELECT * FROM students UNION SELECT card_number, ssn FROM payments;",1
2025-08-20 11:43:50,admin,10.0.0.25,"SELECT name, grade FROM grades WHERE student_id=241;",0
2025-08-20 11:43:51,student,192.168.1.5,"INSERT INTO grades (student_id, course, grade) VALUES (355, 'CS101', 'A');",0
2025-08-20 11:43:52,teacher,10.0.0.25,SELECT * FROM students WHERE id=69;,0
2025-08-20 11:43:53,admin,192.168.1.10,SELECT * FROM secret_data;,1
2025-08-20 11:43:54,admin,10.0.0.25,"SELECT name, grade FROM grades WHERE student_id=405;",0
2025-08-20 11:43:55,teacher,10.0.0.25,SELECT * FROM secret_data;,1
2025-08-20 11:43:56,teacher,10.0.0.25,SELECT * FROM students WHERE id=176;,0
2025-08-20 11:43:57,teacher,192.168.1.5,"SELECT name, grade FROM grades WHERE student_id=197;",0
2025-08-20 11:43:58,admin,10.0.0.25,SELECT * FROM students WHERE id=227;,0
2025-08-20 11:43:59,admin,192.168.1.5,DELETE FROM temp_data WHERE record_id=13;,0
2025-08-20 11:44:00,teacher,192.168.1.10,DELETE FROM temp_data WHERE record_id=37;,0
2025-08-20 11:44:01,teacher,192.168.1.10,DELETE FROM temp_data WHERE record_id=393;,0
2025-08-20 11:44:02,admin,192.168.1.10,SELECT * FROM students WHERE id=376;,0
2025-08-20 11:44:03,student,192.168.1.5,SELECT * FROM secret_data;,1
2025-08-20 11:44:04,student,192.168.1.5,"INSERT INTO grades (student_id, course, grade) VALUES (82, 'CS101', 'A');",0
2025-08-20 11:44:05,teacher,10.0.0.25,SELECT * FROM students WHERE id=196;,0
2025-08-20 11:44:06,teacher,10.0.0.25,"INSERT INTO grades (student_id, course, grade) VALUES (350, 'CS101', 'A');",0
2025-08-20 11:44:07,teacher,10.0.0.25,DELETE FROM temp_data WHERE record_id=194;,0
2025-08-20 11:44:08,teacher,192.168.1.10,UPDATE users SET password='hacked' WHERE username='admin';,1
2025-08-20 11:44:09,student,192.168.1.5,DELETE FROM temp_data WHERE record_id=366;,0
2025-08-20 11:44:10,teacher,192.168.1.10,"SELECT * FROM students UNION SELECT card_number, ssn FROM payments;",1
2025-08-20 11:44:11,teacher,10.0.0.25,UPDATE users SET password='hacked' WHERE username='admin';,1
2025-08-20 11:44:12,admin,192.168.1.10,UPDATE courses SET seats = seats - 1 WHERE course_id=22;,0
2025-08-20 11:44:13,teacher,192.168.1.10,"INSERT INTO grades (student_id, course, grade) VALUES (284, 'CS101', 'A');",0
2025-08-20 11:44:14,teacher,10.0.0.25,UPDATE courses SET seats = seats - 1 WHERE course_id=65;,0
2025-08-20 11:44:15,student,192.168.1.5,DELETE FROM temp_data WHERE record_id=27;,0
2025-08-20 11:44:16,admin,192.168.1.10,SELECT * FROM students WHERE id=56;,0
2025-08-20 11:44:17,teacher,192.168.1.10,SELECT * FROM students WHERE id=67;,0
2025-08-20 11:44:18,student,192.168.1.5,UPDATE courses SET seats = seats - 1 WHERE course_id=196;,0
2025-08-20 11:44:19,student,192.168.1.10,UPDATE courses SET seats = seats - 1 WHERE course_id=285;,0
2025-08-20 11:44:20,teacher,192.168.1.10,"INSERT INTO grades (student_id, course, grade) VALUES (338, 'CS101', 'A');",0
2025-08-20 11:44:21,student,192.168.1.10,SELECT * FROM users WHERE username='admin' OR '1'='1';,1
2025-08-20 11:44:22,student,192.168.1.10,DELETE FROM temp_data WHERE record_id=348;,0
2025-08-20 11:44:23,student,10.0.0.25,DROP TABLE students;,1
2025-08-20 11:44:24,admin,192.168.1.10,UPDATE courses SET seats = seats - 1 WHERE course_id=39;,0
2025-08-20 11:44:25,admin,192.168.1.5,"INSERT INTO grades (student_id, course, grade) VALUES (320, 'CS101', 'A');",0
2025-08-20 11:44:26,student,10.0.0.25,SELECT * FROM users WHERE username='admin' OR '1'='1';,1
2025-08-20 11:44:27,student,192.168.1.10,SELECT * FROM students WHERE id=473;,0
2025-08-20 11:44:28,teacher,192.168.1.5,SELECT * FROM students WHERE id=462;,0
2025-08-20 11:44:29,student,192.168.1.10,"INSERT INTO grades (student_id, course, grade) VALUES (278, 'CS101', 'A');",0
2025-08-20 11:44:30,teacher,192.168.1.5,DELETE FROM temp_data WHERE record_id=446;,0
2025-08-20 11:44:31,teacher,192.168.1.5,DELETE FROM temp_data WHERE record_id=414;,0
2025-08-20 11:44:32,teacher,10.0.0.25,DROP TABLE students;,1
2025-08-20 11:44:33,student,10.0.0.25,"INSERT INTO grades (student_id, course, grade) VALUES (418, 'CS101', 'A');",0
2025-08-20 11:44:34,teacher,10.0.0.25,UPDATE courses SET seats = seats - 1 WHERE course_id=143;,0
2025-08-20 11:44:35,teacher,192.168.1.10,SELECT * FROM students WHERE id=193;,0
2025-08-20 11:44:36,student,192.168.1.5,UPDATE courses SET seats = seats - 1 WHERE course_id=87;,0
2025-08-20 11:44:37,student,192.168.1.5,DELETE FROM temp_data WHERE record_id=443;,0
2025-08-20 11:44:38,student,10.0.0.25,"INSERT INTO grades (student_id, course, grade) VALUES (54, 'CS101', 'A');",0
2025-08-20 11:44:39,teacher,192.168.1.10,UPDATE courses SET seats = seats - 1 WHERE course_id=156;,0
2025-08-20 11:44:40,teacher,10.0.0.25,DELETE FROM temp_data WHERE record_id=90;,0
2025-08-20 11:44:41,teacher,192.168.1.5,DELETE FROM temp_data WHERE record_id=106;,0
2025-08-20 11:44:42,teacher,192.168.1.10,"SELECT name, grade FROM grades WHERE student_id=92;",0
2025-08-20 11:44:43,student,192.168.1.5,UPDATE users SET password='hacked' WHERE username='admin';,1
2025-08-20 11:44:44,admin,192.168.1.10,DROP TABLE students;,1
2025-08-20 11:44:45,teacher,10.0.0.25,SELECT * FROM secret_data;,1
2025-08-20 11:44:46,student,192.168.1.5,"SELECT * FROM students UNION SELECT card_number, ssn FROM payments;",1
2025-08-20 11:44:47,teacher,192.168.1.5,SELECT * FROM students WHERE id=411;,0
2025-08-20 11:44:48,teacher,192.168.1.10,DELETE FROM temp_data WHERE record_id=124;,0
2025-08-20 11:44:49,teacher,10.0.0.25,DROP TABLE students;,1
2025-08-20 11:44:50,teacher,192.168.1.5,SELECT * FROM students WHERE id=331;,0
2025-08-20 11:44:51,student,192.168.1.5,SELECT * FROM secret_data;,1
2025-08-20 11:44:52,admin,10.0.0.25,UPDATE courses SET seats = seats - 1 WHERE course_id=345;,0
2025-08-20 11:44:53,admin,192.168.1.5,SELECT * FROM students WHERE id=41;,0
2025-08-20 11:44:54,student,192.168.1.5,SELECT * FROM secret_data;,1
2025-08-20 11:44:55,student,192.168.1.10,"SELECT name, grade FROM grades WHERE student_id=356;",0
2025-08-20 11:44:56,admin,10.0.0.25,"SELECT name, grade FROM grades WHERE student_id=79;",0
2025-08-20 11:44:57,student,10.0.0.25,SELECT * FROM users WHERE username='admin' OR '1'='1';,1
2025-08-20 11:44:58,teacher,192.168.1.5,"INSERT INTO grades (student_id, course, grade) VALUES (31, 'CS101', 'A');",0
2025-08-20 11:44:59,student,10.0.0.25,UPDATE courses SET seats = seats - 1 WHERE course_id=156;,0
2025-08-20 11:45:00,admin,192.168.1.10,"INSERT INTO grades (student_id, course, grade) VALUES (155, 'CS101', 'A');",0
2025-08-20 11:45:01,student,10.0.0.25,"SELECT name, grade FROM grades WHERE student_id=113;",0
2025-08-20 11:45:02,teacher,10.0.0.25,SELECT * FROM secret_data;,1
2025-08-20 11:45:03,student,192.168.1.5,"SELECT * FROM students UNION SELECT card_number, ssn FROM payments;",1
2025-08-20 11:45:04,student,10.0.0.25,DELETE FROM temp_data WHERE record_id=196;,0
2025-08-20 11:45:05,admin,192.168.1.5,UPDATE courses SET seats = seats - 1 WHERE course_id=23;,0
2025-08-20 11:45:06,teacher,192.168.1.5,"SELECT * FROM students UNION SELECT card_number, ssn FROM payments;",1
2025-08-20 11:45:07,teacher,192.168.1.5,"SELECT name, grade FROM grades WHERE student_id=434;",0
2025-08-20 11:45:08,admin,192.168.1.10,SELECT * FROM students WHERE id=402;,0
2025-08-20 11:45:09,teacher,10.0.0.25,UPDATE courses SET seats = seats - 1 WHERE course_id=348;,0
2025-08-20 11:45:10,student,10.0.0.25,"INSERT INTO grades (student_id, course, grade) VALUES (461, 'CS101', 'A');",0
2025-08-20 11:45:11,admin,10.0.0.25,"SELECT name, grade FROM grades WHERE student_id=37;",0
2025-08-20 11:45:12,teacher,10.0.0.25,SELECT * FROM students WHERE id=149;,0
2025-08-20 11:45:13,admin,192.168.1.5,UPDATE courses SET seats = seats - 1 WHERE course_id=75;,0
2025-08-20 11:45:14,admin,10.0.0.25,SELECT * FROM secret_data;,1
2025-08-20 11:45:15,teacher,192.168.1.5,SELECT * FROM secret_data;,1
2025-08-20 11:45:16,admin,10.0.0.25,UPDATE courses SET seats = seats - 1 WHERE course_id=351;,0
2025-08-20 11:45:17,admin,10.0.0.25,"INSERT INTO grades (student_id, course, grade) VALUES (485, 'CS101', 'A');",0
2025-08-20 11:45:18,teacher,192.168.1.5,"INSERT INTO grades (student_id, course, grade) VALUES (29, 'CS101', 'A');",0
2025-08-20 11:45:19,admin,192.168.1.5,SELECT * FROM users WHERE username='admin' OR '1'='1';,1
2025-08-20 11:45:20,teacher,192.168.1.5,SELECT * FROM students WHERE id=11;,0
2025-08-20 11:45:21,admin,192.168.1.10,"SELECT name, grade FROM grades WHERE student_id=267;",0
2025-08-20 11:45:22,admin,192.168.1.10,UPDATE courses SET seats = seats - 1 WHERE course_id=358;,0
2025-08-20 11:45:23,student,192.168.1.5,"INSERT INTO grades (student_id, course, grade) VALUES (158, 'CS101', 'A');",0
2025-08-20 11:45:24,student,192.168.1.10,"SELECT name, grade FROM grades WHERE student_id=123;",0
2025-08-20 11:45:25,teacher,192.168.1.10,"INSERT INTO grades (student_id, course, grade) VALUES (29, 'CS101', 'A');",0
2025-08-20 11:45:26,student,192.168.1.10,SELECT * FROM secret_data;,1
2025-08-20 11:45:27,admin,192.168.1.5,SELECT * FROM students WHERE id=73;,0
2025-08-20 11:45:28,teacher,192.168.1.10,SELECT * FROM students WHERE id=264;,0
2025-08-20 11:45:29,student,192.168.1.5,"INSERT INTO grades (student_id, course, grade) VALUES (433, 'CS101', 'A');",0
2025-08-20 11:45:30,student,10.0.0.25,SELECT * FROM students WHERE id=297;,0
2025-08-20 11:45:31,admin,10.0.0.25,UPDATE courses SET seats = seats - 1 WHERE course_id=99;,0
2025-08-20 11:45:32,student,192.168.1.10,SELECT * FROM students WHERE id=54;,0
2025-08-20 11:45:33,admin,192.168.1.5,"SELECT name, grade FROM grades WHERE student_id=5;",0
2025-08-20 11:45:34,admin,192.168.1.5,SELECT * FROM students WHERE id=113;,0
2025-08-20 11:45:35,teacher,192.168.1.10,SELECT * FROM students WHERE id=412;,0
2025-08-20 11:45:36,student,192.168.1.5,DELETE FROM temp_data WHERE record_id=406;,0
2025-08-20 11:45:37,admin,10.0.0.25,"INSERT INTO grades (student_id, course, grade) VALUES (408, 'CS101', 'A');",0
2025-08-20 11:45:38,student,192.168.1.10,"SELECT name, grade FROM grades WHERE student_id=393;",0
2025-08-20 11:45:39,teacher,10.0.0.25,UPDATE courses SET seats = seats - 1 WHERE course_id=428;,0
2025-08-20 11:45:40,teacher,192.168.1.5,DELETE FROM temp_data WHERE record_id=84;,0
2025-08-20 11:45:41,admin,192.168.1.5,SELECT * FROM students WHERE id=255;,0
2025-08-20 11:45:42,teacher,10.0.0.25,SELECT * FROM students WHERE id=106;,0
2025-08-20 11:45:43,student,192.168.1.5,"SELECT * FROM students UNION SELECT card_number, ssn FROM payments;",1
2025-08-20 11:45:44,teacher,192.168.1.5,"INSERT INTO grades (student_id, course, grade) VALUES (364, 'CS101', 'A');",0
2025-08-20 11:45:45,teacher,192.168.1.5,SELECT * FROM students WHERE id=247;,0
2025-08-20 11:45:46,admin,192.168.1.10,SELECT * FROM users WHERE username='admin' OR '1'='1';,1
2025-08-20 11:45:47,teacher,192.168.1.10,SELECT * FROM students WHERE id=220;,0
2025-08-20 11:45:48,admin,192.168.1.10,"SELECT name, grade FROM grades WHERE student_id=2;",0
2025-08-20 11:45:49,admin,192.168.1.10,SELECT * FROM users WHERE username='admin' OR '1'='1';,1
2025-08-20 11:45:50,teacher,10.0.0.25,SELECT * FROM users WHERE username='admin' OR '1'='1';,1
2025-08-20 11:45:51,student,192.168.1.5,"SELECT name, grade FROM grades WHERE student_id=143;",0
2025-08-20 11:45:52,admin,192.168.1.10,DELETE FROM temp_data WHERE record_id=391;,0
2025-08-20 11:45:53,student,192.168.1.5,DELETE FROM temp_data WHERE record_id=280;,0
2025-08-20 11:45:54,admin,192.168.1.5,DROP TABLE students;,1
2025-08-20 11:45:55,admin,10.0.0.25,UPDATE courses SET seats = seats - 1 WHERE course_id=417;,0
2025-08-20 11:45:56,admin,192.168.1.10,SELECT * FROM students WHERE id=370;,0
2025-08-20 11:45:57,teacher,192.168.1.10,UPDATE users SET password='hacked' WHERE username='admin';,1
2025-08-20 11:45:58,admin,10.0.0.25,DELETE FROM temp_data WHERE record_id=429;,0
2025-08-20 11:45:59,admin,10.0.0.25,"INSERT INTO grades (student_id, course, grade) VALUES (121, 'CS101', 'A');",0
2025-08-20 11:46:00,admin,10.0.0.25,SELECT * FROM users WHERE username='admin' OR '1'='1';,1
2025-08-20 11:46:01,admin,192.168.1.5,"INSERT INTO grades (student_id, course, grade) VALUES (198, 'CS101', 'A');",0
2025-08-20 11:46:02,teacher,192.168.1.5,DROP TABLE students;,1
2025-08-20 11:46:03,student,192.168.1.10,"INSERT INTO grades (student_id, course, grade) VALUES (265, 'CS101', 'A');",0
2025-08-20 11:46:04,teacher,10.0.0.25,"INSERT INTO grades (student_id, course, grade) VALUES (200, 'CS101', 'A');",0
2025-08-20 11:46:05,teacher,192.168.1.10,"SELECT * FROM students UNION SELECT card_number, ssn FROM payments;",1
2025-08-20 11:46:06,student,192.168.1.10,SELECT * FROM students WHERE id=123;,0
2025-08-20 11:46:07,teacher,192.168.1.5,DELETE FROM temp_data WHERE record_id=432;,0
2025-08-20 11:46:08,student,192.168.1.10,"INSERT INTO grades (student_id, course, grade) VALUES (258, 'CS101', 'A');",0
2025-08-20 11:46:09,student,10.0.0.25,"SELECT name, grade FROM grades WHERE student_id=305;",0
2025-08-20 11:46:10,student,192.168.1.10,UPDATE courses SET seats = seats - 1 WHERE course_id=52;,0
2025-08-20 11:46:11,admin,192.168.1.10,UPDATE courses SET seats = seats - 1 WHERE course_id=369;,0
2025-08-20 11:46:12,teacher,192.168.1.5,UPDATE courses SET seats = seats - 1 WHERE course_id=491;,0
2025-08-20 11:46:13,admin,192.168.1.5,DELETE FROM temp_data WHERE record_id=302;,0
2025-08-20 11:46:14,teacher,192.168.1.5,SELECT * FROM students WHERE id=419;,0
2025-08-20 11:46:15,admin,192.168.1.5,SELECT * FROM students WHERE id=214;,0
2025-08-20 11:46:16,student,192.168.1.10,UPDATE courses SET seats = seats - 1 WHERE course_id=212;,0
2025-08-20 11:46:17,admin,192.168.1.5,SELECT * FROM students WHERE id=384;,0
2025-08-20 11:46:18,admin,192.168.1.5,UPDATE courses SET seats = seats - 1 WHERE course_id=443;,0
2025-08-20 11:46:19,admin,192.168.1.5,SELECT * FROM users WHERE username='admin' OR '1'='1';,1
2025-08-20 11:46:20,teacher,10.0.0.25,DELETE FROM temp_data WHERE record_id=11;,0
2025-08-20 11:46:21,admin,10.0.0.25,SELECT * FROM students WHERE id=90;,0
2025-08-20 11:46:22,student,192.168.1.5,"SELECT name, grade FROM grades WHERE student_id=326;",0
2025-08-20 11:46:23,admin,192.168.1.5,UPDATE courses SET seats = seats - 1 WHERE course_id=183;,0
2025-08-20 11:46:24,student,192.168.1.5,UPDATE users SET password='hacked' WHERE username='admin';,1
2025-08-20 11:46:25,student,192.168.1.10,"INSERT INTO grades (student_id, course, grade) VALUES (453, 'CS101', 'A');",0
